familie,instanz,verfahren,seed,n_in,m_in,delta_in,n,m,delta_eff,augmentiert,bump,sonderfall_vn,k,k_papier,steigungen,steigungen_schranke,steigungen_strikt,breite,breite_schranke,hoehe,hoehe_schranke,teile,verifiziert,zeit_ms,strategie
prisma,prisma n=8,thm4,-1,8,12,3,8,12,4,0,0,0,,,2,2,2,5,16,231,265,,1,0.118,
prisma,prisma n=8,thm1,-1,8,12,3,8,12,5,0,0,0,1280,1280,5,7,7,24,3840,3852,46080,5,1,0.472,
antiprisma,antiprisma n=8,thm4,-1,8,16,4,8,16,6,0,1,0,,,3,3,3,10,24,516,561,,1,0.110,
antiprisma,antiprisma n=8,thm1,-1,8,16,4,8,16,5,0,0,0,1280,1280,7,7,7,20,3840,5130,46080,6,1,0.583,
prisma,prisma n=16,thm4,-1,16,24,3,16,24,4,0,0,0,,,2,2,2,9,32,975,1041,,1,0.160,
prisma,prisma n=16,thm1,-1,16,24,3,16,24,5,0,0,0,5120,5120,5,7,7,80,15360,35880,368640,9,1,2.306,
antiprisma,antiprisma n=16,thm4,-1,16,32,4,16,32,6,0,1,0,,,3,3,3,18,48,2180,2273,,1,0.198,
antiprisma,antiprisma n=16,thm1,-1,16,32,4,16,32,5,0,0,0,5120,5120,7,7,7,72,15360,40996,368640,10,1,2.468,
prisma,prisma n=32,thm4,-1,32,48,3,32,48,4,0,0,0,,,2,2,2,17,64,3999,4129,,1,0.293,
prisma,prisma n=32,thm1,-1,32,48,3,32,48,5,0,0,0,20480,20480,5,7,7,288,61440,307344,2949120,17,1,13.608,
antiprisma,antiprisma n=32,thm4,-1,32,64,4,32,64,6,0,1,0,,,3,3,3,34,96,8964,9153,,1,0.427,
antiprisma,antiprisma n=32,thm1,-1,32,64,4,32,64,5,0,0,0,20480,20480,7,7,7,272,61440,327816,2949120,18,1,14.258,
prisma,prisma n=64,thm4,-1,64,96,3,64,96,4,0,0,0,,,2,2,2,33,128,16191,16449,,1,0.605,
prisma,prisma n=64,thm1,-1,64,96,3,64,96,5,0,0,0,81920,81920,5,7,7,1088,245760,2540064,23592960,33,1,89.636,
antiprisma,antiprisma n=64,thm4,-1,64,128,4,64,128,6,0,1,0,,,3,3,3,66,192,36356,36737,,1,0.988,
antiprisma,antiprisma n=64,thm1,-1,64,128,4,64,128,5,0,0,0,81920,81920,7,7,7,1056,245760,2621968,23592960,34,1,100.390,
prisma,prisma n=128,thm4,-1,128,192,3,128,192,4,0,0,0,,,2,2,2,65,256,65151,65665,,1,1.463,
prisma,prisma n=128,thm1,-1,128,192,3,128,192,5,0,0,0,327680,327680,5,7,7,4224,983040,20645952,188743680,65,1,682.094,
antiprisma,antiprisma n=128,thm4,-1,128,256,4,128,256,6,0,1,0,,,3,3,3,130,384,146436,147201,,1,2.997,
antiprisma,antiprisma n=128,thm1,-1,128,256,4,128,256,5,0,0,0,327680,327680,7,7,7,4160,983040,20973600,188743680,66,1,825.797,
prisma,prisma n=256,thm4,-1,256,384,3,256,384,4,0,0,0,,,2,2,2,129,512,261375,262401,,1,4.571,
prisma,prisma n=256,thm1,-1,256,384,3,256,384,5,0,0,0,1310720,1310720,5,7,7,16640,3932160,166469760,1509949440,129,1,5271.250,
antiprisma,antiprisma n=256,thm4,-1,256,512,4,256,512,6,0,1,0,,,3,3,3,258,768,587780,589313,,1,9.669,
antiprisma,antiprisma n=256,thm1,-1,256,512,4,256,512,5,0,0,0,1310720,1310720,7,7,7,16512,3932160,167780416,1509949440,130,1,6190.789,
prisma,prisma n=512,thm4,-1,512,768,3,512,768,4,0,0,0,,,2,2,2,257,1024,1047039,1049089,,1,13.361,
antiprisma,antiprisma n=512,thm4,-1,512,1024,4,512,1024,6,0,1,0,,,3,3,3,514,1536,2355204,2358273,,1,35.767,
prisma,prisma n=1024,thm4,-1,1024,1536,3,1024,1536,4,0,0,0,,,2,2,2,513,2048,4191231,4195329,,1,47.744,
antiprisma,antiprisma n=1024,thm4,-1,1024,2048,4,1024,2048,6,0,1,0,,,3,3,3,1026,3072,9428996,9435137,,1,130.138,
rad,rad m=4,thm4,-1,5,8,4,5,8,4,0,0,0,,,2,2,2,4,11,92,116,,1,0.074,
rad,rad m=4,thm1,-1,5,8,4,5,8,5,0,0,0,500,500,6,7,7,12,2160,1006,19440,4,1,0.181,
doppelrad,doppelrad m=4,thm4,-1,6,12,4,6,12,6,0,1,0,,,3,3,3,9,18,281,313,,1,0.072,
doppelrad,doppelrad m=4,thm1,-1,6,12,4,6,12,5,0,0,0,720,720,7,7,7,14,2160,2167,19440,5,1,0.258,
rad,rad m=6,thm4,-1,7,12,6,7,12,6,0,0,0,,,3,3,3,10,17,312,348,,1,0.071,
rad,rad m=6,thm1,-1,7,12,6,7,12,6,0,0,0,1176,1176,7,10,10,30,3528,4714,37044,6,1,0.399,
doppelrad,doppelrad m=6,thm4,-1,8,18,6,8,18,6,0,0,0,,,3,3,3,12,28,601,653,,1,0.106,
doppelrad,doppelrad m=6,thm1,-1,8,18,6,8,18,6,0,0,0,1536,1536,9,10,10,24,4608,7688,55296,7,1,0.516,
rad,rad m=8,thm4,-1,9,16,8,9,16,8,0,0,0,,,4,4,4,15,23,756,838,,1,0.099,
rad,rad m=8,thm1,-1,9,16,8,9,16,8,0,0,0,2592,2592,9,16,16,70,7776,15566,104976,8,1,0.743,
doppelrad,doppelrad m=8,thm4,-1,10,24,8,10,24,8,0,0,0,,,4,4,4,21,38,1395,1531,,1,0.181,
doppelrad,doppelrad m=8,thm1,-1,10,24,8,10,24,8,0,0,0,3200,3200,13,16,16,55,9600,22411,144000,9,1,0.878,
rad,rad m=10,thm4,-1,11,20,10,11,20,10,0,0,0,,,5,5,5,19,29,1475,1578,,1,0.133,
rad,rad m=10,thm1,-1,11,20,10,11,20,10,0,0,0,4840,4840,11,22,22,126,14520,38738,239580,10,1,1.100,
doppelrad,doppelrad m=10,thm4,-1,12,30,10,12,30,10,0,0,0,,,5,5,5,28,48,2675,2845,,1,0.178,
doppelrad,doppelrad m=10,thm1,-1,12,30,10,12,30,10,0,0,0,5760,5760,17,22,22,98,17280,51854,311040,11,1,1.349,
rad,rad m=12,thm4,-1,13,24,12,13,24,12,0,0,0,,,6,6,6,23,35,2568,2744,,1,0.157,
rad,rad m=12,thm1,-1,13,24,12,13,24,12,0,0,0,8112,8112,13,28,28,198,24336,81142,474552,12,1,2.001,
doppelrad,doppelrad m=12,thm4,-1,14,36,12,14,36,12,0,0,0,,,6,6,6,34,58,4595,4887,,1,0.227,
doppelrad,doppelrad m=12,thm1,-1,14,36,12,14,36,12,0,0,0,9408,9408,21,28,28,153,28224,103505,592704,13,1,1.981,
rad,rad m=14,thm4,-1,15,28,14,15,28,14,0,0,0,,,7,7,7,27,41,4074,4280,,1,0.166,
rad,rad m=14,thm1,-1,15,28,14,15,28,14,0,0,0,12600,12600,15,34,34,286,37800,151226,850500,14,1,2.474,
doppelrad,doppelrad m=14,thm4,-1,16,42,14,16,42,14,0,0,0,,,7,7,7,40,68,7223,7565,,1,0.277,
doppelrad,doppelrad m=14,thm1,-1,16,42,14,16,42,14,0,0,0,14336,14336,25,34,34,220,43008,186388,1032192,15,1,2.712,
rad,rad m=16,thm4,-1,17,32,16,17,32,16,0,0,0,,,8,8,8,31,47,6104,6410,,1,0.192,
rad,rad m=16,thm1,-1,17,32,16,17,32,16,0,0,0,18496,18496,17,40,40,390,55488,258974,1414944,16,1,3.695,
doppelrad,doppelrad m=16,thm4,-1,18,48,16,18,48,16,0,0,0,,,8,8,8,46,78,10742,11251,,1,0.323,
doppelrad,doppelrad m=16,thm1,-1,18,48,16,18,48,16,0,0,0,20736,20736,29,40,40,299,62208,311063,1679616,17,1,3.765,
rad,rad m=18,thm4,-1,19,36,18,19,36,18,0,0,0,,,9,9,9,35,53,8685,9030,,1,0.343,
rad,rad m=18,thm1,-1,19,36,18,19,36,18,0,0,0,25992,25992,19,46,46,510,77976,415906,2222316,18,1,4.312,
doppelrad,doppelrad m=18,thm4,-1,20,54,18,20,54,18,0,0,0,,,9,9,9,52,88,15199,15773,,1,0.564,
doppelrad,doppelrad m=18,thm1,-1,20,54,18,20,54,18,0,0,0,28800,28800,33,46,46,390,86400,489626,2592000,19,1,4.927,
rad,rad m=20,thm4,-1,21,40,20,21,40,20,0,0,0,,,10,10,10,39,59,11940,12412,,1,0.275,
rad,rad m=20,thm1,-1,21,40,20,21,40,20,0,0,0,35280,35280,21,52,52,646,105840,635078,3333960,20,1,5.743,
doppelrad,doppelrad m=20,thm4,-1,22,60,20,22,60,20,0,0,0,,,10,10,10,58,98,20797,21583,,1,0.702,
doppelrad,doppelrad m=20,thm1,-1,22,60,20,22,60,20,0,0,0,38720,38720,37,52,52,493,116160,735709,3833280,21,1,6.421,
rad,rad m=22,thm4,-1,23,44,22,23,44,22,0,0,0,,,11,11,11,43,65,15884,16404,,1,0.299,
rad,rad m=22,thm1,-1,23,44,22,23,44,22,0,0,0,46552,46552,23,58,58,798,139656,931082,4818132,22,1,7.410,
doppelrad,doppelrad m=22,thm4,-1,24,66,22,24,66,22,0,0,0,,,11,11,11,64,108,27563,28429,,1,0.504,
doppelrad,doppelrad m=22,thm1,-1,24,66,22,24,66,22,0,0,0,50688,50688,41,58,58,608,152064,1064480,5474304,23,1,8.228,
rad,rad m=24,thm4,-1,25,48,24,25,48,24,0,0,0,,,12,12,12,47,71,20652,21326,,1,0.327,
rad,rad m=24,thm1,-1,25,48,24,25,48,24,0,0,0,60000,60000,25,64,64,966,180000,1320046,6750000,24,1,8.996,
doppelrad,doppelrad m=24,thm4,-1,26,72,24,26,72,24,0,0,0,,,12,12,12,70,118,35720,36843,,1,0.545,
doppelrad,doppelrad m=24,thm1,-1,26,72,24,26,72,24,0,0,0,64896,64896,45,64,64,735,194688,1492643,7592832,25,1,10.222,
rad,rad m=26,thm4,-1,27,52,26,27,52,26,0,0,0,,,13,13,13,51,77,26247,26978,,1,0.378,
rad,rad m=26,thm1,-1,27,52,26,27,52,26,0,0,0,75816,75816,27,70,70,1150,227448,1819634,9211644,26,1,11.383,
doppelrad,doppelrad m=26,thm4,-1,28,78,26,28,78,26,0,0,0,,,13,13,13,76,128,45275,46493,,1,0.617,
doppelrad,doppelrad m=26,thm1,-1,28,78,26,28,78,26,0,0,0,81536,81536,49,70,70,874,244608,2038438,10273536,27,1,12.297,
rad,rad m=28,thm4,-1,29,56,28,29,56,28,0,0,0,,,14,14,14,55,83,32816,33728,,1,0.412,
rad,rad m=28,thm1,-1,29,56,28,29,56,28,0,0,0,94192,94192,29,76,76,1350,282576,2449046,12292056,28,1,13.490,
doppelrad,doppelrad m=28,thm4,-1,30,84,28,30,84,28,0,0,0,,,14,14,14,82,138,56471,57991,,1,0.742,
doppelrad,doppelrad m=28,thm1,-1,30,84,28,30,84,28,0,0,0,100800,100800,53,76,76,1025,302400,2721641,13608000,29,1,14.490,
rad,rad m=30,thm4,-1,31,60,30,31,60,30,0,0,0,,,15,15,15,59,89,40350,41328,,1,0.440,
rad,rad m=30,thm1,-1,31,60,30,31,60,30,0,0,0,115320,115320,31,82,82,1566,345960,3229018,16087140,30,1,15.984,
doppelrad,doppelrad m=30,thm4,-1,32,90,30,32,90,30,0,0,0,,,15,15,15,88,148,69295,70925,,1,0.766,
doppelrad,doppelrad m=30,thm1,-1,32,90,30,32,90,30,0,0,0,122880,122880,57,82,82,1188,368640,3563564,17694720,31,1,17.322,
rad,rad m=32,thm4,-1,33,64,32,33,64,32,0,0,0,,,16,16,16,63,95,49008,50194,,1,0.475,
rad,rad m=32,thm1,-1,33,64,32,33,64,32,0,0,0,139392,139392,33,88,88,1798,418176,4181822,20699712,32,1,19.016,
doppelrad,doppelrad m=32,thm4,-1,34,96,32,34,96,32,0,0,0,,,16,16,16,94,158,84010,85987,,1,0.832,
doppelrad,doppelrad m=32,thm1,-1,34,96,32,34,96,32,0,0,0,147968,147968,61,88,88,1363,443904,4587055,22639104,33,1,20.177,
rad,rad m=34,thm4,-1,35,68,34,35,68,34,0,0,0,,,17,17,17,67,101,58769,60030,,1,0.532,
rad,rad m=34,thm1,-1,35,68,34,35,68,34,0,0,0,166600,166600,35,94,94,2046,499800,5331266,26239500,34,1,22.551,
doppelrad,doppelrad m=34,thm4,-1,36,102,34,36,102,34,0,0,0,,,17,17,17,100,168,100583,102685,,1,0.908,
doppelrad,doppelrad m=34,thm1,-1,36,102,34,36,102,34,0,0,0,176256,176256,65,94,94,1550,528768,5816498,28553472,35,1,23.861,
rad,rad m=36,thm4,-1,37,72,36,37,72,36,0,0,0,,,18,18,18,71,107,69804,71300,,1,0.578,
rad,rad m=36,thm1,-1,37,72,36,37,72,36,0,0,0,197136,197136,37,100,100,2310,591408,6702694,32823144,36,1,26.248,
doppelrad,doppelrad m=36,thm4,-1,38,108,36,38,108,36,0,0,0,,,18,18,18,106,178,119297,121791,,1,0.993,
doppelrad,doppelrad m=36,thm1,-1,38,108,36,38,108,36,0,0,0,207936,207936,69,100,100,1749,623808,7277813,35557056,37,1,27.735,
rad,rad m=38,thm4,-1,39,76,38,39,76,38,0,0,0,,,19,19,19,75,113,82080,83660,,1,0.619,
rad,rad m=38,thm1,-1,39,76,38,39,76,38,0,0,0,231192,231192,39,106,106,2590,693576,8322986,40574196,38,1,30.346,
doppelrad,doppelrad m=38,thm4,-1,40,114,38,40,114,38,0,0,0,,,19,19,19,112,188,140099,142733,,1,1.070,
doppelrad,doppelrad m=38,thm1,-1,40,114,38,40,114,38,0,0,0,243200,243200,73,106,106,1960,729600,8998456,43776000,39,1,32.170,
rad,rad m=40,thm4,-1,41,80,40,41,80,40,0,0,0,,,20,20,20,79,119,95780,97622,,1,0.667,
rad,rad m=40,thm1,-1,41,80,40,41,80,40,0,0,0,268960,268960,41,112,112,2886,806880,10220558,49623120,40,1,35.036,
doppelrad,doppelrad m=40,thm4,-1,42,120,40,42,120,40,0,0,0,,,20,20,20,118,198,163292,166363,,1,1.155,
doppelrad,doppelrad m=40,thm1,-1,42,120,40,42,120,40,0,0,0,282240,282240,77,112,112,2183,846720,11007419,53343360,41,1,36.841,
rad,rad m=42,thm4,-1,43,84,42,43,84,42,0,0,0,,,21,21,21,83,125,110859,112794,,1,0.713,
rad,rad m=42,thm1,-1,43,84,42,43,84,42,0,0,0,310632,310632,43,118,118,3198,931896,12425362,60107292,42,1,41.302,
doppelrad,doppelrad m=42,thm4,-1,44,126,42,44,126,42,0,0,0,,,21,21,21,124,208,188803,192029,,1,1.311,
doppelrad,doppelrad m=42,thm1,-1,44,126,42,44,126,42,0,0,0,325248,325248,81,118,118,2418,975744,13335230,64399104,43,1,45.104,
rad,rad m=44,thm4,-1,45,88,44,45,88,44,0,0,0,,,22,22,22,87,131,127512,129736,,1,0.829,
rad,rad m=44,thm1,-1,45,88,44,45,88,44,0,0,0,356400,356400,45,124,124,3526,1069200,14968886,72171000,44,1,49.535,
doppelrad,doppelrad m=44,thm4,-1,46,132,44,46,132,44,0,0,0,,,22,22,22,130,218,216955,220663,,1,1.473,
doppelrad,doppelrad m=44,thm1,-1,46,132,44,46,132,44,0,0,0,372416,372416,85,124,124,2665,1117248,16013953,77090112,45,1,50.839,
rad,rad m=46,thm4,-1,47,92,46,47,92,46,0,0,0,,,23,23,23,91,137,145682,148008,,1,0.823,
rad,rad m=46,thm1,-1,47,92,46,47,92,46,0,0,0,406456,406456,47,130,130,3870,1219368,17884154,85965444,46,1,52.478,
doppelrad,doppelrad m=46,thm4,-1,48,138,46,48,138,46,0,0,0,,,23,23,23,136,228,247655,251533,,1,1.491,
doppelrad,doppelrad m=46,thm1,-1,48,138,46,48,138,46,0,0,0,423936,423936,89,130,130,2924,1271808,19077188,91570176,47,1,53.819,
rad,rad m=48,thm4,-1,49,96,48,49,96,48,0,0,0,,,24,24,24,95,143,165576,168218,,1,0.873,
rad,rad m=48,thm1,-1,49,96,48,49,96,48,0,0,0,460992,460992,49,136,136,4230,1382976,21205726,101648736,48,1,57.980,
doppelrad,doppelrad m=48,thm4,-1,50,144,48,50,144,48,0,0,0,,,24,24,24,142,238,281246,285651,,1,1.567,
doppelrad,doppelrad m=48,thm1,-1,50,144,48,50,144,48,0,0,0,480000,480000,93,136,136,3195,1440000,22560071,108000000,49,1,60.344,
rad,rad m=50,thm4,-1,51,100,50,51,100,50,0,0,0,,,25,25,25,99,149,187125,189878,,1,0.937,
rad,rad m=50,thm1,-1,51,100,50,51,100,50,0,0,0,520200,520200,51,142,142,4606,1560600,24969698,119385900,50,1,66.362,
doppelrad,doppelrad m=50,thm4,-1,52,150,50,52,150,50,0,0,0,,,25,25,25,148,248,317615,322205,,1,2.102,
doppelrad,doppelrad m=50,thm1,-1,52,150,50,52,150,50,0,0,0,540800,540800,97,142,142,3478,1622400,26499274,126547200,51,1,72.463,
rad,rad m=52,thm4,-1,53,104,52,53,104,52,0,0,0,,,26,26,26,103,155,210548,213644,,1,1.047,
rad,rad m=52,thm1,-1,53,104,52,53,104,52,0,0,0,584272,584272,53,148,148,4998,1752816,29213702,139348872,52,1,78.360,
doppelrad,doppelrad m=52,thm4,-1,54,156,52,54,156,52,0,0,0,,,26,26,26,154,258,357125,362287,,1,1.913,
doppelrad,doppelrad m=52,thm1,-1,54,156,52,54,156,52,0,0,0,606528,606528,101,148,148,3773,1819584,30933005,147386304,53,1,76.343,
rad,rad m=54,thm4,-1,55,108,54,55,108,54,0,0,0,,,27,27,27,107,161,235764,238980,,1,1.027,
rad,rad m=54,thm1,-1,55,108,54,55,108,54,0,0,0,653400,653400,55,154,154,5406,1960200,33976906,161716500,54,1,83.689,
doppelrad,doppelrad m=54,thm4,-1,56,162,54,56,162,54,0,0,0,,,27,27,27,160,268,399643,405005,,1,2.034,
doppelrad,doppelrad m=54,thm1,-1,56,162,54,56,162,54,0,0,0,677376,677376,105,154,154,4080,2032128,35901008,170698752,55,1,86.937,
rad,rad m=56,thm4,-1,57,112,56,57,112,56,0,0,0,,,28,28,28,111,167,263004,266590,,1,1.099,
rad,rad m=56,thm1,-1,57,112,56,57,112,56,0,0,0,727776,727776,57,160,160,5830,2183328,39300014,186674544,56,1,89.622,
doppelrad,doppelrad m=56,thm4,-1,58,168,56,58,168,56,0,0,0,,,28,28,28,166,278,445552,451531,,1,2.340,
doppelrad,doppelrad m=56,thm1,-1,58,168,56,58,168,56,0,0,0,753536,753536,109,160,160,4399,2260608,41444563,196672896,57,1,94.157,
rad,rad m=58,thm4,-1,59,116,58,59,116,58,0,0,0,,,29,29,29,115,173,292175,295890,,1,1.199,
rad,rad m=58,thm1,-1,59,116,58,59,116,58,0,0,0,807592,807592,59,166,166,6270,2422776,45225266,214415676,58,1,106.942,
doppelrad,doppelrad m=58,thm4,-1,60,174,58,60,174,58,0,0,0,,,29,29,29,172,288,494699,500893,,1,2.269,
doppelrad,doppelrad m=58,thm1,-1,60,174,58,60,174,58,0,0,0,835200,835200,113,166,166,4730,2505600,47606486,225504000,59,1,108.019,
rad,rad m=60,thm4,-1,61,120,60,61,120,60,0,0,0,,,30,30,30,119,179,323520,327632,,1,1.243,
rad,rad m=60,thm1,-1,61,120,60,61,120,60,0,0,0,893040,893040,61,172,172,6726,2679120,51796438,245139480,60,1,111.271,
doppelrad,doppelrad m=60,thm4,-1,62,180,60,62,180,60,0,0,0,,,30,30,30,178,298,547487,554343,,1,2.237,
doppelrad,doppelrad m=60,thm1,-1,62,180,60,62,180,60,0,0,0,922560,922560,117,172,172,5073,2767680,54431129,257394240,61,1,111.827,
rad,rad m=62,thm4,-1,63,124,62,63,124,62,0,0,0,,,31,31,31,123,185,356934,361184,,1,1.274,
rad,rad m=62,thm1,-1,63,124,62,63,124,62,0,0,0,984312,984312,63,178,178,7198,2952936,59058842,279052452,62,1,118.484,
doppelrad,doppelrad m=62,thm4,-1,64,186,62,64,186,62,0,0,0,,,31,31,31,184,308,603743,610829,,1,2.411,
doppelrad,doppelrad m=62,thm1,-1,64,186,62,64,186,62,0,0,0,1015808,1015808,121,178,178,5428,3047424,61964380,292552704,63,1,121.975,
rad,rad m=64,thm4,-1,65,128,64,65,128,64,0,0,0,,,32,32,32,127,191,392672,397346,,1,1.358,
rad,rad m=64,thm1,-1,65,128,64,65,128,64,0,0,0,1081600,1081600,65,184,184,7686,3244800,67059326,316368000,64,1,129.772,
doppelrad,doppelrad m=64,thm4,-1,66,192,64,66,192,64,0,0,0,,,32,32,32,190,318,663890,671683,,1,2.745,
doppelrad,doppelrad m=64,thm1,-1,66,192,64,66,192,64,0,0,0,1115136,1115136,125,184,184,5795,3345408,70253663,331195392,65,1,133.634,
maximal_planar,maximal_planar n=8 s=1000,thm4,1000,8,18,7,8,18,8,0,0,0,,,4,4,4,15,28,805,905,,1,0.247,
maximal_planar,maximal_planar n=8 s=1000,thm1,1000,8,18,7,8,18,7,0,0,0,1792,1792,12,13,13,56,5376,8974,64512,7,1,0.566,
maximal_planar,maximal_planar n=8 s=1001,thm4,1001,8,18,7,8,18,8,0,0,0,,,4,4,4,15,28,796,905,,1,0.109,
maximal_planar,maximal_planar n=8 s=1001,thm1,1001,8,18,7,8,18,7,0,0,0,1792,1792,11,13,13,24,5376,8966,64512,7,1,0.460,
maximal_planar,maximal_planar n=8 s=1002,thm4,1002,8,18,7,8,18,8,0,0,0,,,4,4,4,14,28,805,905,,1,0.103,
maximal_planar,maximal_planar n=8 s=1002,thm1,1002,8,18,7,8,18,7,0,0,0,1792,1792,9,13,13,44,5376,8971,64512,7,1,0.487,
maximal_planar,maximal_planar n=8 s=1003,thm4,1003,8,18,7,8,18,8,0,0,0,,,4,4,4,15,28,806,905,,1,0.103,
maximal_planar,maximal_planar n=8 s=1003,thm1,1003,8,18,7,8,18,7,0,0,0,1792,1792,10,13,13,28,5376,8967,64512,7,1,0.469,
maximal_planar,maximal_planar n=8 s=1004,thm4,1004,8,18,7,8,18,8,0,0,0,,,4,4,4,14,28,805,905,,1,0.102,
maximal_planar,maximal_planar n=8 s=1004,thm1,1004,8,18,7,8,18,7,0,0,0,1792,1792,10,13,13,40,5376,8970,64512,7,1,0.490,
maximal_planar,maximal_planar n=8 s=1005,thm4,1005,8,18,7,8,18,8,0,0,0,,,4,4,4,15,28,806,905,,1,0.102,
maximal_planar,maximal_planar n=8 s=1005,thm1,1005,8,18,7,8,18,7,0,0,0,1792,1792,11,13,13,16,5376,8964,64512,7,1,0.506,
maximal_planar,maximal_planar n=8 s=1006,thm4,1006,8,18,7,8,18,8,0,0,0,,,4,4,4,15,28,806,905,,1,0.104,
maximal_planar,maximal_planar n=8 s=1006,thm1,1006,8,18,7,8,18,7,0,0,0,1792,1792,9,13,13,44,5376,8971,64512,7,1,0.508,
maximal_planar,maximal_planar n=8 s=1007,thm4,1007,8,18,6,8,18,8,0,1,0,,,4,4,4,15,28,804,905,,1,0.109,
maximal_planar,maximal_planar n=8 s=1007,thm1,1007,8,18,6,8,18,6,0,0,0,1536,1536,10,10,10,27,4608,7689,55296,7,1,0.480,
maximal_planar,maximal_planar n=8 s=1008,thm4,1008,8,18,6,8,18,6,0,0,0,,,3,3,3,14,28,607,653,,1,0.102,
maximal_planar,maximal_planar n=8 s=1008,thm1,1008,8,18,6,8,18,6,0,0,0,1536,1536,9,10,10,24,4608,7688,55296,7,1,0.472,
maximal_planar,maximal_planar n=8 s=1009,thm4,1009,8,18,7,8,18,8,0,0,0,,,4,4,4,15,28,805,905,,1,0.103,
maximal_planar,maximal_planar n=8 s=1009,thm1,1009,8,18,7,8,18,7,0,0,0,1792,1792,12,13,13,56,5376,8974,64512,7,1,0.508,
maximal_planar,maximal_planar n=16 s=2000,thm4,2000,16,42,11,16,42,12,0,0,0,,,6,6,6,37,68,6209,6545,,1,0.277,
maximal_planar,maximal_planar n=16 s=2000,thm1,2000,16,42,11,16,42,11,0,0,0,11264,11264,20,25,25,152,33792,146451,811008,15,1,2.970,
maximal_planar,maximal_planar n=16 s=2001,thm4,2001,16,42,8,16,42,8,0,0,0,,,4,4,4,34,68,4126,4369,,1,0.258,
maximal_planar,maximal_planar n=16 s=2001,thm1,2001,16,42,8,16,42,8,0,0,0,8192,8192,15,16,16,110,24576,106518,589824,15,1,3.019,
maximal_planar,maximal_planar n=16 s=2002,thm4,2002,16,42,12,16,42,12,0,0,0,,,6,6,6,39,68,6211,6545,,1,0.287,
maximal_planar,maximal_planar n=16 s=2002,thm1,2002,16,42,12,16,42,12,0,0,0,12288,12288,20,28,28,297,36864,159777,884736,15,1,2.944,
maximal_planar,maximal_planar n=16 s=2003,thm4,2003,16,42,12,16,42,12,0,0,0,,,6,6,6,38,68,6211,6545,,1,0.277,
maximal_planar,maximal_planar n=16 s=2003,thm1,2003,16,42,12,16,42,12,0,0,0,12288,12288,18,28,28,189,36864,159765,884736,15,1,2.955,
maximal_planar,maximal_planar n=16 s=2004,thm4,2004,16,42,13,16,42,14,0,0,0,,,7,7,7,41,68,7237,7565,,1,0.277,
maximal_planar,maximal_planar n=16 s=2004,thm1,2004,16,42,13,16,42,13,0,0,0,13312,13312,18,31,31,410,39936,173097,958464,15,1,3.262,
maximal_planar,maximal_planar n=16 s=2005,thm4,2005,16,42,10,16,42,10,0,0,0,,,5,5,5,38,68,5153,5389,,1,0.284,
maximal_planar,maximal_planar n=16 s=2005,thm1,2005,16,42,10,16,42,10,0,0,0,10240,10240,17,22,22,427,30720,133181,737280,15,1,3.100,
maximal_planar,maximal_planar n=16 s=2006,thm4,2006,16,42,12,16,42,12,0,0,0,,,6,6,6,39,68,6183,6545,,1,0.276,
maximal_planar,maximal_planar n=16 s=2006,thm1,2006,16,42,12,16,42,12,0,0,0,12288,12288,20,28,28,189,36864,159765,884736,15,1,2.864,
maximal_planar,maximal_planar n=16 s=2007,thm4,2007,16,42,11,16,42,12,0,0,0,,,6,6,6,40,68,6215,6545,,1,0.306,
maximal_planar,maximal_planar n=16 s=2007,thm1,2007,16,42,11,16,42,11,0,0,0,11264,11264,22,25,25,384,33792,146480,811008,15,1,3.267,
maximal_planar,maximal_planar n=16 s=2008,thm4,2008,16,42,14,16,42,14,0,0,0,,,7,7,7,41,68,7237,7565,,1,0.286,
maximal_planar,maximal_planar n=16 s=2008,thm1,2008,16,42,14,16,42,14,0,0,0,14336,14336,21,34,34,242,43008,186390,1032192,15,1,2.886,
maximal_planar,maximal_planar n=16 s=2009,thm4,2009,16,42,12,16,42,12,0,0,0,,,6,6,6,38,68,6211,6545,,1,0.279,
maximal_planar,maximal_planar n=16 s=2009,thm1,2009,16,42,12,16,42,12,0,0,0,12288,12288,18,28,28,216,36864,159768,884736,15,1,2.863,
maximal_planar,maximal_planar n=32 s=3000,thm4,3000,32,90,15,32,90,16,0,0,0,,,8,8,8,86,148,36909,37921,,1,0.818,
maximal_planar,maximal_planar n=32 s=3000,thm1,3000,32,90,15,32,90,15,0,0,0,61440,61440,30,37,37,1416,184320,1781878,8847360,31,1,20.148,
maximal_planar,maximal_planar n=32 s=3001,thm4,3001,32,90,18,32,90,18,0,0,0,,,9,9,9,87,148,41584,42509,,1,0.796,
maximal_planar,maximal_planar n=32 s=3001,thm1,3001,32,90,18,32,90,18,0,0,0,73728,73728,31,46,46,1215,221184,2138193,10616832,31,1,19.929,
maximal_planar,maximal_planar n=32 s=3002,thm4,3002,32,90,14,32,90,14,0,0,0,,,7,7,7,85,148,32317,33037,,1,0.802,
maximal_planar,maximal_planar n=32 s=3002,thm1,3002,32,90,14,32,90,14,0,0,0,57344,57344,25,34,34,704,172032,1663040,8257536,31,1,20.004,
maximal_planar,maximal_planar n=32 s=3003,thm4,3003,32,90,16,32,90,16,0,0,0,,,8,8,8,86,148,36993,37921,,1,0.806,
maximal_planar,maximal_planar n=32 s=3003,thm1,3003,32,90,16,32,90,16,0,0,0,65536,65536,30,40,40,832,196608,1900608,9437184,31,1,19.613,
maximal_planar,maximal_planar n=32 s=3004,thm4,3004,32,90,18,32,90,18,0,0,0,,,9,9,9,86,148,41581,42509,,1,0.803,
maximal_planar,maximal_planar n=32 s=3004,thm1,3004,32,90,18,32,90,18,0,0,0,73728,73728,31,46,46,1245,221184,2138195,10616832,31,1,19.489,
maximal_planar,maximal_planar n=32 s=3005,thm4,3005,32,90,16,32,90,16,0,0,0,,,8,8,8,86,148,36993,37921,,1,0.788,
maximal_planar,maximal_planar n=32 s=3005,thm1,3005,32,90,16,32,90,16,0,0,0,65536,65536,33,40,40,1508,196608,1900660,9437184,31,1,19.990,
maximal_planar,maximal_planar n=32 s=3006,thm4,3006,32,90,18,32,90,18,0,0,0,,,9,9,9,87,148,41584,42509,,1,0.819,
maximal_planar,maximal_planar n=32 s=3006,thm1,3006,32,90,18,32,90,18,0,0,0,73728,73728,33,46,46,1530,221184,2138214,10616832,31,1,19.767,
maximal_planar,maximal_planar n=32 s=3007,thm4,3007,32,90,17,32,90,18,0,0,0,,,9,9,9,88,148,41587,42509,,1,0.816,
maximal_planar,maximal_planar n=32 s=3007,thm1,3007,32,90,17,32,90,17,0,0,0,69632,69632,28,43,43,1022,208896,2019401,10027008,31,1,19.761,
maximal_planar,maximal_planar n=32 s=3008,thm4,3008,32,90,16,32,90,16,0,0,0,,,8,8,8,88,148,36999,37921,,1,1.017,
maximal_planar,maximal_planar n=32 s=3008,thm1,3008,32,90,16,32,90,16,0,0,0,65536,65536,29,40,40,1248,196608,1900640,9437184,31,1,19.569,
maximal_planar,maximal_planar n=32 s=3009,thm4,3009,32,90,19,32,90,20,0,0,0,,,10,10,10,88,148,46263,47393,,1,0.825,
maximal_planar,maximal_planar n=32 s=3009,thm1,3009,32,90,19,32,90,19,0,0,0,77824,77824,32,49,49,2016,233472,2257022,11206656,31,1,20.290,
maximal_planar,maximal_planar n=64 s=4000,thm4,4000,64,186,22,64,186,22,0,0,0,,,11,11,11,181,308,214231,216589,,1,2.592,
maximal_planar,maximal_planar n=64 s=4000,thm1,4000,64,186,22,64,186,22,0,0,0,360448,360448,43,58,58,7771,1081344,21987737,103809024,63,1,144.799,
maximal_planar,maximal_planar n=64 s=4001,thm4,4001,64,186,25,64,186,26,0,0,0,,,13,13,13,184,308,253235,256013,,1,2.590,
maximal_planar,maximal_planar n=64 s=4001,thm1,4001,64,186,25,64,186,25,0,0,0,409600,409600,43,67,67,4950,1228800,24985825,117964800,63,1,143.085,
maximal_planar,maximal_planar n=64 s=4002,thm4,4002,64,186,27,64,186,28,0,0,0,,,14,14,14,184,308,272823,276033,,1,2.563,
maximal_planar,maximal_planar n=64 s=4002,thm1,4002,64,186,27,64,186,27,0,0,0,442368,442368,49,73,73,7296,1327104,26984752,127401984,63,1,144.963,
maximal_planar,maximal_planar n=64 s=4003,thm4,4003,64,186,23,64,186,24,0,0,0,,,12,12,12,182,308,233821,236609,,1,2.606,
maximal_planar,maximal_planar n=64 s=4003,thm1,4003,64,186,23,64,186,23,0,0,0,376832,376832,46,61,61,7040,1130496,22987104,108527616,63,1,144.448,
maximal_planar,maximal_planar n=64 s=4004,thm4,4004,64,186,25,64,186,26,0,0,0,,,13,13,13,182,308,253225,256013,,1,2.581,
maximal_planar,maximal_planar n=64 s=4004,thm1,4004,64,186,25,64,186,25,0,0,0,409600,409600,52,67,67,3542,1228800,24985761,117964800,63,1,143.334,
maximal_planar,maximal_planar n=64 s=4005,thm4,4005,64,186,19,64,186,20,0,0,0,,,10,10,10,181,308,194827,197185,,1,2.750,
maximal_planar,maximal_planar n=64 s=4005,thm1,4005,64,186,19,64,186,19,0,0,0,311296,311296,36,49,49,3552,933888,18989278,89653248,63,1,144.017,
maximal_planar,maximal_planar n=64 s=4006,thm4,4006,64,186,37,64,186,38,0,0,0,,,19,19,19,185,308,370219,374285,,1,2.636,
maximal_planar,maximal_planar n=64 s=4006,thm1,4006,64,186,37,64,186,37,0,0,0,606208,606208,54,103,103,10472,1818624,36978996,174587904,63,1,143.969,
maximal_planar,maximal_planar n=64 s=4007,thm4,4007,64,186,25,64,186,26,0,0,0,,,13,13,13,183,308,253230,256013,,1,2.614,
maximal_planar,maximal_planar n=64 s=4007,thm1,4007,64,186,25,64,186,25,0,0,0,409600,409600,45,67,67,5214,1228800,24985837,117964800,63,1,142.925,
maximal_planar,maximal_planar n=64 s=4008,thm4,4008,64,186,24,64,186,24,0,0,0,,,12,12,12,183,308,233826,236609,,1,2.588,
maximal_planar,maximal_planar n=64 s=4008,thm1,4008,64,186,24,64,186,24,0,0,0,393216,393216,43,64,64,3444,1179648,23986340,113246208,63,1,144.368,
maximal_planar,maximal_planar n=64 s=4009,thm4,4009,64,186,20,64,186,20,0,0,0,,,10,10,10,181,308,194827,197185,,1,2.605,
maximal_planar,maximal_planar n=64 s=4009,thm1,4009,64,186,20,64,186,20,0,0,0,327680,327680,43,52,52,3927,983040,19988711,94371840,63,1,144.060,
maximal_planar,maximal_planar n=128 s=5000,thm4,5000,128,378,38,128,378,38,0,0,0,,,19,19,19,374,628,1518483,1526797,,1,9.121,
maximal_planar,maximal_planar n=128 s=5000,thm1,5000,128,378,38,128,378,38,0,0,0,2490368,2490368,65,106,106,17290,7471104,311296494,1434451968,127,1,1094.965,
maximal_planar,maximal_planar n=128 s=5001,thm4,5001,128,378,35,128,378,36,0,0,0,,,18,18,18,376,628,1438743,1447041,,1,9.100,
maximal_planar,maximal_planar n=128 s=5001,thm1,5001,128,378,35,128,378,35,0,0,0,2293760,2293760,67,97,97,16000,6881280,286720500,1321205760,127,1,1086.892,
maximal_planar,maximal_planar n=128 s=5002,thm4,5002,128,378,38,128,378,38,0,0,0,,,19,19,19,376,628,1518499,1526797,,1,9.171,
maximal_planar,maximal_planar n=128 s=5002,thm1,5002,128,378,38,128,378,38,0,0,0,2490368,2490368,76,106,106,24220,7471104,311296692,1434451968,127,1,1117.731,
maximal_planar,maximal_planar n=128 s=5003,thm4,5003,128,378,37,128,378,38,0,0,0,,,19,19,19,376,628,1518499,1526797,,1,10.110,
maximal_planar,maximal_planar n=128 s=5003,thm1,5003,128,378,37,128,378,37,0,0,0,2424832,2424832,72,103,103,29410,7274496,303104865,1396703232,127,1,1106.178,
maximal_planar,maximal_planar n=128 s=5004,thm4,5004,128,378,52,128,378,52,0,0,0,,,26,26,26,377,628,2078307,2090113,,1,9.444,
maximal_planar,maximal_planar n=128 s=5004,thm1,5004,128,378,52,128,378,52,0,0,0,3407872,3407872,74,148,148,43218,10223616,425984882,1962934272,127,1,1104.011,
maximal_planar,maximal_planar n=128 s=5005,thm4,5005,128,378,40,128,378,40,0,0,0,,,20,20,20,376,628,1598631,1607809,,1,9.059,
maximal_planar,maximal_planar n=128 s=5005,thm1,5005,128,378,40,128,378,40,0,0,0,2621440,2621440,76,112,112,29452,7864320,327680796,1509949440,127,1,1105.928,
maximal_planar,maximal_planar n=128 s=5006,thm4,5006,128,378,41,128,378,42,0,0,0,,,21,21,21,376,628,1678387,1687565,,1,9.038,
maximal_planar,maximal_planar n=128 s=5006,thm1,5006,128,378,41,128,378,41,0,0,0,2686976,2686976,85,115,115,41192,8060928,335873084,1547698176,127,1,1108.226,
maximal_planar,maximal_planar n=128 s=5007,thm4,5007,128,378,32,128,378,32,0,0,0,,,16,16,16,374,628,1278617,1286273,,1,9.071,
maximal_planar,maximal_planar n=128 s=5007,thm1,5007,128,378,32,128,378,32,0,0,0,2097152,2097152,69,88,88,19111,6291456,262144659,1207959552,127,1,1105.554,
maximal_planar,maximal_planar n=128 s=5008,thm4,5008,128,378,44,128,378,44,0,0,0,,,22,22,22,376,628,1755589,1768577,,1,9.066,
maximal_planar,maximal_planar n=128 s=5008,thm1,5008,128,378,44,128,378,44,0,0,0,2883584,2883584,65,124,124,19926,8650752,360448486,1660944384,127,1,1147.962,
maximal_planar,maximal_planar n=128 s=5009,thm4,5009,128,378,38,128,378,38,0,0,0,,,19,19,19,376,628,1518499,1526797,,1,9.783,
maximal_planar,maximal_planar n=128 s=5009,thm1,5009,128,378,38,128,378,38,0,0,0,2490368,2490368,70,106,106,25865,7471104,311296739,1434451968,127,1,1158.508,
maximal_planar,maximal_planar n=256 s=6000,thm4,6000,256,762,39,256,762,40,0,0,0,,,20,20,20,756,1268,6473859,6492417,,1,33.856,
maximal_planar,maximal_planar n=256 s=6000,thm1,6000,256,762,39,256,762,39,0,0,0,10223616,10223616,95,109,109,70848,30670848,2586576816,11777605632,255,1,8595.474,
maximal_planar,maximal_planar n=256 s=6001,thm4,6001,256,762,61,256,762,62,0,0,0,,,31,31,31,759,1268,10034421,10061837,,1,34.120,
maximal_planar,maximal_planar n=256 s=6001,thm1,6001,256,762,61,256,762,61,0,0,0,15990784,15990784,100,175,175,157934,47972352,4045671075,18421383168,255,1,8631.223,
maximal_planar,maximal_planar n=256 s=6002,thm4,6002,256,762,57,256,762,58,0,0,0,,,29,29,29,761,1268,9387008,9412621,,1,35.139,
maximal_planar,maximal_planar n=256 s=6002,thm1,6002,256,762,57,256,762,57,0,0,0,14942208,14942208,110,163,163,102924,44826624,3780380530,17213423616,255,1,8727.555,
maximal_planar,maximal_planar n=256 s=6003,thm4,6003,256,762,61,256,762,62,0,0,0,,,31,31,31,761,1268,10034449,10061837,,1,37.647,
maximal_planar,maximal_planar n=256 s=6003,thm1,6003,256,762,61,256,762,61,0,0,0,15990784,15990784,84,175,175,91002,47972352,4045669921,18421383168,255,1,8697.169,
maximal_planar,maximal_planar n=256 s=6004,thm4,6004,256,762,58,256,762,58,0,0,0,,,29,29,29,761,1268,9387008,9412621,,1,34.169,
maximal_planar,maximal_planar n=256 s=6004,thm1,6004,256,762,58,256,762,58,0,0,0,15204352,15204352,95,166,166,78870,45613056,3846702490,17515413504,255,1,8556.988,
maximal_planar,maximal_planar n=256 s=6005,thm4,6005,256,762,69,256,762,70,0,0,0,,,35,35,35,760,1268,11329315,11360269,,1,34.163,
maximal_planar,maximal_planar n=256 s=6005,thm1,6005,256,762,69,256,762,69,0,0,0,18087936,18087936,121,199,199,90618,54263808,4576249181,20837302272,255,1,8610.055,
maximal_planar,maximal_planar n=256 s=6006,thm4,6006,256,762,43,256,762,44,0,0,0,,,22,22,22,759,1268,7121325,7141633,,1,33.843,
maximal_planar,maximal_planar n=256 s=6006,thm1,6006,256,762,43,256,762,43,0,0,0,11272192,11272192,92,121,121,66120,33816576,2851866229,12985565184,255,1,8568.918,
maximal_planar,maximal_planar n=256 s=6007,thm4,6007,256,762,43,256,762,44,0,0,0,,,22,22,22,759,1268,7121325,7141633,,1,35.102,
maximal_planar,maximal_planar n=256 s=6007,thm1,6007,256,762,43,256,762,43,0,0,0,11272192,11272192,88,121,121,75560,33816576,2851866465,12985565184,255,1,8593.175,
maximal_planar,maximal_planar n=256 s=6008,thm4,6008,256,762,66,256,762,66,0,0,0,,,33,33,33,761,1268,10681890,10711053,,1,34.476,
maximal_planar,maximal_planar n=256 s=6008,thm1,6008,256,762,66,256,762,66,0,0,0,17301504,17301504,118,190,190,244629,51904512,4377284395,19931332608,255,1,8704.827,
maximal_planar,maximal_planar n=256 s=6009,thm4,6009,256,762,69,256,762,70,0,0,0,,,35,35,35,761,1268,11329331,11360269,,1,34.556,
maximal_planar,maximal_planar n=256 s=6009,thm1,6009,256,762,69,256,762,69,0,0,0,18087936,18087936,104,199,199,358380,54263808,4576253238,20837302272,255,1,8764.434,
maximal_planar,maximal_planar n=512 s=7000,thm4,7000,512,1530,69,512,1530,70,0,0,0,,,35,35,35,1528,2548,45595939,45658125,,1,131.434,
maximal_planar,maximal_planar n=512 s=7001,thm4,7001,512,1530,77,512,1530,78,0,0,0,,,39,39,39,1528,2548,50807107,50876429,,1,129.825,
maximal_planar,maximal_planar n=512 s=7002,thm4,7002,512,1530,54,512,1530,54,0,0,0,,,27,27,27,1525,2548,35173567,35221517,,1,132.755,
maximal_planar,maximal_planar n=512 s=7003,thm4,7003,512,1530,83,512,1530,84,0,0,0,,,42,42,42,1528,2548,54716247,54792705,,1,131.327,
maximal_planar,maximal_planar n=512 s=7004,thm4,7004,512,1530,79,512,1530,80,0,0,0,,,40,40,40,1526,2548,52084291,52183553,,1,132.131,
maximal_planar,maximal_planar n=512 s=7005,thm4,7005,512,1530,110,512,1530,110,0,0,0,,,55,55,55,1529,2548,71651805,71749645,,1,130.884,
maximal_planar,maximal_planar n=512 s=7006,thm4,7006,512,1530,55,512,1530,56,0,0,0,,,28,28,28,1525,2548,36477120,36528641,,1,133.505,
maximal_planar,maximal_planar n=512 s=7007,thm4,7007,512,1530,95,512,1530,96,0,0,0,,,48,48,48,1527,2548,62532976,62620161,,1,134.032,
maximal_planar,maximal_planar n=512 s=7008,thm4,7008,512,1530,68,512,1530,68,0,0,0,,,34,34,34,1526,2548,44293879,44356097,,1,133.698,
maximal_planar,maximal_planar n=512 s=7009,thm4,7009,512,1530,77,512,1530,78,0,0,0,,,39,39,39,1527,2548,50807089,50876429,,1,135.373,
dichte,random n=32 m=32 s=90000,thm4,90000,32,32,8,32,44,8,1,0,0,,,4,4,5,43,56,6975,7201,,1,3.316,
dichte,random n=32 m=32 s=90000,thm1,90000,32,32,8,32,62,8,1,0,0,32768,32768,11,16,37,405,98304,720977,4718592,24,1,19.547,
dichte,random n=32 m=32 s=90001,thm4,90001,32,32,6,32,47,6,1,0,0,,,3,3,4,44,62,5797,5923,,1,3.672,
dichte,random n=32 m=32 s=90001,thm1,90001,32,32,6,32,63,6,1,0,0,24576,24576,9,10,28,321,73728,540672,3538944,24,1,19.773,
dichte,random n=32 m=32 s=90002,thm4,90002,32,32,10,32,46,10,1,0,0,,,5,5,6,45,60,9333,9573,,1,4.132,
dichte,random n=32 m=32 s=90002,thm1,90002,32,32,10,32,57,10,1,0,0,40960,40960,10,22,46,602,122880,860160,5898240,23,1,17.773,
dichte,random n=32 m=32 s=90003,thm4,90003,32,32,6,32,46,6,1,0,0,,,3,3,4,43,60,5611,5733,,1,2.808,
dichte,random n=32 m=32 s=90003,thm1,90003,32,32,6,32,66,6,1,0,0,24576,24576,8,10,28,303,73728,540672,3538944,24,1,20.541,
dichte,random n=32 m=32 s=90004,thm4,90004,32,32,8,32,44,8,1,0,0,,,4,4,5,42,56,6975,7201,,1,3.077,
dichte,random n=32 m=32 s=90004,thm1,90004,32,32,8,32,59,8,1,0,0,32768,32768,9,16,37,360,98304,589896,4718592,20,1,15.618,
dichte,random n=32 m=32 s=90005,thm4,90005,32,32,4,32,46,4,1,0,0,,,2,2,3,29,60,3751,3873,,1,3.109,
dichte,random n=32 m=32 s=90005,thm1,90005,32,32,4,32,63,6,1,0,0,24576,24576,8,10,19,342,73728,466944,3538944,21,1,19.253,
dichte,random n=32 m=32 s=90006,thm4,90006,32,32,7,32,48,8,1,0,0,,,4,4,5,47,64,7969,8225,,1,3.917,
dichte,random n=32 m=32 s=90006,thm1,90006,32,32,7,32,61,7,1,0,0,28672,28672,9,13,33,368,86016,602204,4128768,23,1,18.664,
dichte,random n=32 m=32 s=90007,thm4,90007,32,32,8,32,46,8,1,0,0,,,4,4,5,44,60,7471,7713,,1,3.026,
dichte,random n=32 m=32 s=90007,thm1,90007,32,32,8,32,66,8,1,0,0,32768,32768,9,16,37,320,98304,720896,4718592,24,1,18.302,
dichte,random n=32 m=32 s=90008,thm4,90008,32,32,7,32,48,8,1,0,0,,,4,4,5,45,64,7967,8225,,1,4.056,
dichte,random n=32 m=32 s=90008,thm1,90008,32,32,7,32,59,7,1,0,0,28672,28672,10,13,33,380,86016,544863,4128768,21,1,17.676,
dichte,random n=32 m=32 s=90009,thm4,90009,32,32,8,32,48,8,1,0,0,,,4,4,5,47,64,7967,8225,,1,3.354,
dichte,random n=32 m=32 s=90009,thm1,90009,32,32,8,32,69,8,1,0,0,32768,32768,11,16,37,725,98304,720896,4718592,24,1,20.945,
dichte,random n=32 m=48 s=90100,thm4,90100,32,48,10,32,55,10,1,0,0,,,5,5,6,53,78,12174,12435,,1,1.569,
dichte,random n=32 m=48 s=90100,thm1,90100,32,48,10,32,66,10,1,0,0,40960,40960,15,22,46,756,122880,983148,5898240,26,1,18.545,
dichte,random n=32 m=48 s=90101,thm4,90101,32,48,14,32,55,14,1,0,0,,,7,7,8,52,78,17053,17427,,1,1.503,
dichte,random n=32 m=48 s=90101,thm1,90101,32,48,14,32,70,14,1,0,0,57344,57344,20,34,64,704,172032,1318976,8257536,25,1,17.473,
dichte,random n=32 m=48 s=90102,thm4,90102,32,48,10,32,54,10,1,0,0,,,5,5,6,53,76,11813,12117,,1,1.363,
dichte,random n=32 m=48 s=90102,thm1,90102,32,48,10,32,70,10,1,0,0,40960,40960,15,22,46,749,122880,901120,5898240,24,1,18.007,
dichte,random n=32 m=48 s=90103,thm4,90103,32,48,10,32,52,10,1,0,0,,,5,5,6,49,72,11195,11481,,1,1.038,
dichte,random n=32 m=48 s=90103,thm1,90103,32,48,10,32,65,10,1,0,0,40960,40960,13,22,46,658,122880,942174,5898240,25,1,16.597,
dichte,random n=32 m=48 s=90104,thm4,90104,32,48,11,32,57,12,1,0,0,,,6,6,7,56,82,15391,15777,,1,1.827,
dichte,random n=32 m=48 s=90104,thm1,90104,32,48,11,32,67,11,1,0,0,45056,45056,14,25,51,1000,135168,946301,6488064,23,1,17.581,
dichte,random n=32 m=48 s=90105,thm4,90105,32,48,12,32,53,12,1,0,0,,,6,6,7,52,74,13899,14241,,1,1.200,
dichte,random n=32 m=48 s=90105,thm1,90105,32,48,12,32,66,12,1,0,0,49152,49152,13,28,55,999,147456,1081455,7077888,24,1,16.930,
dichte,random n=32 m=48 s=90106,thm4,90106,32,48,10,32,57,10,1,0,0,,,5,5,6,54,82,12760,13071,,1,1.842,
dichte,random n=32 m=48 s=90106,thm1,90106,32,48,10,32,69,11,1,0,0,45056,45056,17,25,46,944,135168,1036406,6488064,25,1,17.451,
dichte,random n=32 m=48 s=90107,thm4,90107,32,48,10,32,53,10,1,0,0,,,5,5,6,50,74,11503,11799,,1,1.288,
dichte,random n=32 m=48 s=90107,thm1,90107,32,48,10,32,69,10,1,0,0,40960,40960,18,22,46,742,122880,901120,5898240,24,1,17.455,
dichte,random n=32 m=48 s=90108,thm4,90108,32,48,8,32,52,8,1,0,0,,,4,4,5,49,72,9001,9249,,1,1.040,
dichte,random n=32 m=48 s=90108,thm1,90108,32,48,8,32,67,8,1,0,0,32768,32768,13,16,37,285,98304,720953,4718592,24,1,15.772,
dichte,random n=32 m=48 s=90109,thm4,90109,32,48,12,32,54,12,1,0,0,,,6,6,7,53,76,14173,14625,,1,1.322,
dichte,random n=32 m=48 s=90109,thm1,90109,32,48,12,32,71,12,1,0,0,49152,49152,15,28,55,1116,147456,1179772,7077888,26,1,20.189,
dichte,random n=32 m=64 s=90200,thm4,90200,32,64,17,32,66,18,1,0,0,,,9,9,10,65,100,28017,28733,,1,0.920,
dichte,random n=32 m=64 s=90200,thm1,90200,32,64,17,32,75,17,1,0,0,69632,69632,26,43,78,1008,208896,1880136,10027008,29,1,18.829,
dichte,random n=32 m=64 s=90201,thm4,90201,32,64,9,32,64,10,0,0,0,,,5,5,5,62,96,14915,15297,,1,0.552,
dichte,random n=32 m=64 s=90201,thm1,90201,32,64,9,32,69,9,1,0,0,36864,36864,13,19,42,750,110592,847997,5308416,25,1,16.550,
dichte,random n=32 m=64 s=90202,thm4,90202,32,64,13,32,65,14,1,0,0,,,7,7,8,63,98,21423,21887,,1,0.726,
dichte,random n=32 m=64 s=90202,thm1,90202,32,64,13,32,75,14,1,0,0,57344,57344,25,34,60,1133,172032,1491047,8257536,28,1,18.773,
dichte,random n=32 m=64 s=90203,thm4,90203,32,64,14,32,67,14,1,0,0,,,7,7,8,64,102,22293,22779,,1,1.085,
dichte,random n=32 m=64 s=90203,thm1,90203,32,64,14,32,78,15,1,0,0,61440,61440,19,37,64,1080,184320,1536090,8847360,27,1,18.255,
dichte,random n=32 m=64 s=90204,thm4,90204,32,64,14,32,68,14,1,0,0,,,7,7,8,66,104,22731,23225,,1,1.272,
dichte,random n=32 m=64 s=90204,thm1,90204,32,64,14,32,77,15,1,0,0,61440,61440,28,37,64,1272,184320,1597440,8847360,28,1,20.055,
dichte,random n=32 m=64 s=90205,thm4,90205,32,64,16,32,68,16,1,0,0,,,8,8,9,66,104,25827,26657,,1,1.254,
dichte,random n=32 m=64 s=90205,thm1,90205,32,64,16,32,79,16,1,0,0,65536,65536,29,40,73,1105,196608,1769557,9437184,29,1,20.303,
dichte,random n=32 m=64 s=90206,thm4,90206,32,64,10,32,64,10,0,0,0,,,5,5,5,59,96,14970,15297,,1,0.530,
dichte,random n=32 m=64 s=90206,thm1,90206,32,64,10,32,73,10,1,0,0,40960,40960,19,22,46,665,122880,1024095,5898240,27,1,18.289,
dichte,random n=32 m=64 s=90207,thm4,90207,32,64,12,32,66,12,1,0,0,,,6,6,7,63,100,18757,19233,,1,0.897,
dichte,random n=32 m=64 s=90207,thm1,90207,32,64,12,32,77,13,1,0,0,53248,53248,23,31,55,750,159744,1331275,7667712,27,1,18.680,
dichte,random n=32 m=64 s=90208,thm4,90208,32,64,13,32,67,14,1,0,0,,,7,7,8,66,102,22297,22779,,1,1.079,
dichte,random n=32 m=64 s=90208,thm1,90208,32,64,13,32,80,14,1,0,0,57344,57344,21,34,60,1661,172032,1548288,8257536,29,1,21.069,
dichte,random n=32 m=64 s=90209,thm4,90209,32,64,12,32,65,12,1,0,0,,,6,6,7,62,98,18285,18849,,1,0.738,
dichte,random n=32 m=64 s=90209,thm1,90209,32,64,12,32,74,12,1,0,0,49152,49152,19,28,55,936,147456,1228904,7077888,27,1,17.911,
dichte,random n=32 m=90 s=90300,thm4,90300,32,90,15,32,90,16,0,0,0,,,8,8,8,85,148,36990,37921,,1,0.812,
dichte,random n=32 m=90 s=90300,thm1,90300,32,90,15,32,90,15,0,0,0,61440,61440,31,37,37,1008,184320,1781844,8847360,31,1,19.516,
dichte,random n=32 m=90 s=90301,thm4,90301,32,90,18,32,90,18,0,0,0,,,9,9,9,87,148,41584,42509,,1,0.801,
dichte,random n=32 m=90 s=90301,thm1,90301,32,90,18,32,90,18,0,0,0,73728,73728,32,46,46,1710,221184,2138226,10616832,31,1,20.076,
dichte,random n=32 m=90 s=90302,thm4,90302,32,90,17,32,90,18,0,0,0,,,9,9,9,86,148,41581,42509,,1,0.808,
dichte,random n=32 m=90 s=90302,thm1,90302,32,90,17,32,90,17,0,0,0,69632,69632,34,43,43,1820,208896,2019458,10027008,31,1,19.457,
dichte,random n=32 m=90 s=90303,thm4,90303,32,90,18,32,90,18,0,0,0,,,9,9,9,87,148,41584,42509,,1,1.013,
dichte,random n=32 m=90 s=90303,thm1,90303,32,90,18,32,90,18,0,0,0,73728,73728,29,46,46,1050,221184,2138182,10616832,31,1,19.603,
dichte,random n=32 m=90 s=90304,thm4,90304,32,90,15,32,90,16,0,0,0,,,8,8,8,87,148,36996,37921,,1,0.820,
dichte,random n=32 m=90 s=90304,thm1,90304,32,90,15,32,90,15,0,0,0,61440,61440,32,37,37,960,184320,1781840,8847360,31,1,19.757,
dichte,random n=32 m=90 s=90305,thm4,90305,32,90,18,32,90,18,0,0,0,,,9,9,9,87,148,41584,42509,,1,0.805,
dichte,random n=32 m=90 s=90305,thm1,90305,32,90,18,32,90,18,0,0,0,73728,73728,33,46,46,1860,221184,2138236,10616832,31,1,19.984,
dichte,random n=32 m=90 s=90306,thm4,90306,32,90,14,32,90,14,0,0,0,,,7,7,7,85,148,32241,33037,,1,0.808,
dichte,random n=32 m=90 s=90306,thm1,90306,32,90,14,32,90,14,0,0,0,57344,57344,30,34,34,1144,172032,1663080,8257536,31,1,19.919,
dichte,random n=32 m=90 s=90307,thm4,90307,32,90,14,32,90,14,0,0,0,,,7,7,7,85,148,32313,33037,,1,0.851,
dichte,random n=32 m=90 s=90307,thm1,90307,32,90,14,32,90,14,0,0,0,57344,57344,27,34,34,1386,172032,1663102,8257536,31,1,19.854,
dichte,random n=32 m=90 s=90308,thm4,90308,32,90,19,32,90,20,0,0,0,,,10,10,10,89,148,46267,47393,,1,0.826,
dichte,random n=32 m=90 s=90308,thm1,90308,32,90,19,32,90,19,0,0,0,77824,77824,29,49,49,1584,233472,2256995,11206656,31,1,19.866,
dichte,random n=32 m=90 s=90309,thm4,90309,32,90,17,32,90,18,0,0,0,,,9,9,9,86,148,41578,42509,,1,0.813,
dichte,random n=32 m=90 s=90309,thm1,90309,32,90,17,32,90,17,0,0,0,69632,69632,31,43,43,1120,208896,2019408,10027008,31,1,19.666,
dichte,random n=64 m=64 s=91000,thm4,91000,64,64,9,64,94,10,1,0,0,,,5,5,6,92,124,39125,39621,,1,19.287,
dichte,random n=64 m=64 s=91000,thm1,91000,64,64,9,64,124,9,1,0,0,147456,147456,17,19,42,2652,442368,5751226,42467328,41,1,121.506,
dichte,random n=64 m=64 s=91001,thm4,91001,64,64,11,64,99,12,1,0,0,,,6,6,7,98,134,50911,51521,,1,25.268,
dichte,random n=64 m=64 s=91001,thm1,91001,64,64,11,64,127,11,1,0,0,180224,180224,15,25,51,2992,540672,8290678,51904512,48,1,139.177,
dichte,random n=64 m=64 s=91002,thm4,91002,64,64,8,64,88,8,1,0,0,,,4,4,5,85,112,28289,28737,,1,17.161,
dichte,random n=64 m=64 s=91002,thm1,91002,64,64,8,64,115,8,1,0,0,131072,131072,12,16,37,1660,393216,5112140,37748736,41,1,112.113,
dichte,random n=64 m=64 s=91003,thm4,91003,64,64,10,64,93,10,1,0,0,,,5,5,6,91,122,38493,38983,,1,16.972,
dichte,random n=64 m=64 s=91003,thm1,91003,64,64,10,64,127,10,1,0,0,163840,163840,18,22,46,1694,491520,7045120,47185920,45,1,118.270,
dichte,random n=64 m=64 s=91004,thm4,91004,64,64,7,64,93,8,1,0,0,,,4,4,5,90,122,30809,31297,,1,23.880,
dichte,random n=64 m=64 s=91004,thm1,91004,64,64,7,64,121,7,1,0,0,114688,114688,9,13,33,848,344064,4816896,33030144,44,1,121.923,
dichte,random n=64 m=64 s=91005,thm4,91005,64,64,8,64,96,8,1,0,0,,,4,4,5,93,128,32319,32833,,1,20.870,
dichte,random n=64 m=64 s=91005,thm1,91005,64,64,8,64,120,8,1,0,0,131072,131072,12,16,37,1930,393216,5374338,37748736,43,1,120.644,
dichte,random n=64 m=64 s=91006,thm4,91006,64,64,9,64,96,10,1,0,0,,,5,5,6,95,128,40383,40897,,1,21.744,
dichte,random n=64 m=64 s=91006,thm1,91006,64,64,9,64,128,9,1,0,0,147456,147456,13,19,42,1476,442368,6340608,42467328,45,1,119.865,
dichte,random n=64 m=64 s=91007,thm4,91007,64,64,7,64,98,8,1,0,0,,,4,4,5,95,132,33329,33857,,1,16.154,
dichte,random n=64 m=64 s=91007,thm1,91007,64,64,7,64,128,7,1,0,0,114688,114688,11,13,33,1304,344064,5046272,33030144,46,1,121.608,
dichte,random n=64 m=64 s=91008,thm4,91008,64,64,7,64,91,8,1,0,0,,,4,4,5,89,118,29801,30273,,1,18.820,
dichte,random n=64 m=64 s=91008,thm1,91008,64,64,7,64,130,7,1,0,0,114688,114688,13,13,33,888,344064,5275870,33030144,48,1,124.132,
dichte,random n=64 m=64 s=91009,thm4,91009,64,64,15,64,97,16,1,0,0,,,8,8,9,94,130,65637,66625,,1,19.740,
dichte,random n=64 m=64 s=91009,thm1,91009,64,64,15,64,124,15,1,0,0,245760,245760,18,37,69,3960,737280,8847690,70778880,38,1,106.509,
dichte,random n=64 m=96 s=91100,thm4,91100,64,96,12,64,111,12,1,0,0,,,6,6,7,108,158,59788,60737,,1,5.770,
dichte,random n=64 m=96 s=91100,thm1,91100,64,96,12,64,142,13,1,0,0,212992,212992,21,31,55,3130,638976,9797632,61341696,48,1,122.708,
dichte,random n=64 m=96 s=91101,thm4,91101,64,96,15,64,107,16,1,0,0,,,8,8,9,104,150,75975,76865,,1,4.545,
dichte,random n=64 m=96 s=91101,thm1,91101,64,96,15,64,135,16,1,0,0,262144,262144,23,40,69,2730,786432,12582912,75497472,50,1,118.146,
dichte,random n=64 m=96 s=91102,thm4,91102,64,96,8,64,106,8,1,0,0,,,4,4,5,96,148,37361,37953,,1,4.186,
dichte,random n=64 m=96 s=91102,thm1,91102,64,96,8,64,130,9,1,0,0,147456,147456,15,19,37,1770,442368,7225639,42467328,51,1,118.636,
dichte,random n=64 m=96 s=91103,thm4,91103,64,96,15,64,106,16,1,0,0,,,8,8,9,105,148,74970,75841,,1,4.285,
dichte,random n=64 m=96 s=91103,thm1,91103,64,96,15,64,131,15,1,0,0,245760,245760,25,37,69,4188,737280,10568029,70778880,45,1,113.180,
dichte,random n=64 m=96 s=91104,thm4,91104,64,96,13,64,113,14,1,0,0,,,7,7,8,111,162,71725,72479,,1,6.645,
dichte,random n=64 m=96 s=91104,thm1,91104,64,96,13,64,137,14,1,0,0,229376,229376,20,34,60,3817,688128,11698176,66060288,53,1,131.277,
dichte,random n=64 m=96 s=91105,thm4,91105,64,96,13,64,111,14,1,0,0,,,7,7,8,109,158,69742,70691,,1,6.278,
dichte,random n=64 m=96 s=91105,thm1,91105,64,96,13,64,135,14,1,0,0,229376,229376,17,34,60,3905,688128,11698176,66060288,53,1,127.223,
dichte,random n=64 m=96 s=91106,thm4,91106,64,96,13,64,111,14,1,0,0,,,7,7,8,109,158,69745,70691,,1,5.954,
dichte,random n=64 m=96 s=91106,thm1,91106,64,96,13,64,140,13,1,0,0,212992,212992,20,31,60,2490,638976,9797881,61341696,48,1,111.480,
dichte,random n=64 m=96 s=91107,thm4,91107,64,96,14,64,110,14,1,0,0,,,7,7,8,109,156,69077,69797,,1,5.579,
dichte,random n=64 m=96 s=91107,thm1,91107,64,96,14,64,134,14,1,0,0,229376,229376,23,34,64,2695,688128,11239424,66060288,51,1,118.371,
dichte,random n=64 m=96 s=91108,thm4,91108,64,96,13,64,111,14,1,0,0,,,7,7,8,110,158,69745,70691,,1,6.168,
dichte,random n=64 m=96 s=91108,thm1,91108,64,96,13,64,135,13,1,0,0,212992,212992,22,31,60,3610,638976,9797632,61341696,48,1,116.380,
dichte,random n=64 m=96 s=91109,thm4,91109,64,96,13,64,110,14,1,0,0,,,7,7,8,108,156,69075,69797,,1,5.409,
dichte,random n=64 m=96 s=91109,thm1,91109,64,96,13,64,136,13,1,0,0,212992,212992,18,31,60,2810,638976,9797913,61341696,48,1,113.686,
dichte,random n=64 m=128 s=91200,thm4,91200,64,128,18,64,134,18,1,0,0,,,9,9,10,131,204,115740,117365,,1,3.722,
dichte,random n=64 m=128 s=91200,thm1,91200,64,128,18,64,158,19,1,0,0,311296,311296,33,49,82,7104,933888,16187836,89653248,54,1,131.130,
dichte,random n=64 m=128 s=91201,thm4,91201,64,128,13,64,131,14,1,0,0,,,7,7,8,126,198,87631,88571,,1,2.692,
dichte,random n=64 m=128 s=91201,thm1,91201,64,128,13,64,151,13,1,0,0,212992,212992,25,31,60,1920,638976,11927744,61341696,58,1,128.559,
dichte,random n=64 m=128 s=91202,thm4,91202,64,128,14,64,134,14,1,0,0,,,7,7,8,130,204,90045,91253,,1,3.671,
dichte,random n=64 m=128 s=91202,thm1,91202,64,128,14,64,153,14,1,0,0,229376,229376,25,34,64,2211,688128,11927753,66060288,54,1,124.637,
dichte,random n=64 m=128 s=91203,thm4,91203,64,128,20,64,133,20,1,0,0,,,10,10,11,132,202,127851,129345,,1,3.358,
dichte,random n=64 m=128 s=91203,thm1,91203,64,128,20,64,154,20,1,0,0,327680,327680,35,52,91,4488,983040,18022664,94371840,57,1,125.233,
dichte,random n=64 m=128 s=91204,thm4,91204,64,128,22,64,138,22,1,0,0,,,11,11,12,137,212,146985,149101,,1,5.136,
dichte,random n=64 m=128 s=91204,thm1,91204,64,128,22,64,158,22,1,0,0,360448,360448,38,58,100,4351,1081344,18383077,103809024,53,1,125.211,
dichte,random n=64 m=128 s=91205,thm4,91205,64,128,16,64,134,16,1,0,0,,,8,8,9,130,204,103260,104513,,1,3.711,
dichte,random n=64 m=128 s=91205,thm1,91205,64,128,16,64,154,17,1,0,0,278528,278528,29,43,73,4298,835584,14762291,80216064,55,1,131.723,
dichte,random n=64 m=128 s=91206,thm4,91206,64,128,19,64,132,20,1,0,0,,,10,10,11,129,200,126378,128065,,1,3.027,
dichte,random n=64 m=128 s=91206,thm1,91206,64,128,19,64,154,19,1,0,0,311296,311296,34,49,87,4256,933888,15876362,89653248,53,1,121.252,
dichte,random n=64 m=128 s=91207,thm4,91207,64,128,13,64,133,14,1,0,0,,,7,7,8,130,202,89389,90359,,1,3.566,
dichte,random n=64 m=128 s=91207,thm1,91207,64,128,13,64,155,13,1,0,0,212992,212992,29,31,60,2720,638976,11927824,61341696,58,1,133.649,
dichte,random n=64 m=128 s=91208,thm4,91208,64,128,21,64,133,22,1,0,0,,,11,11,12,132,202,140052,142071,,1,3.367,
dichte,random n=64 m=128 s=91208,thm1,91208,64,128,21,64,157,21,1,0,0,344064,344064,34,55,96,5292,1032192,18579750,99090432,56,1,128.067,
dichte,random n=64 m=128 s=91209,thm4,91209,64,128,19,64,133,20,1,0,0,,,10,10,11,131,202,127847,129345,,1,3.545,
dichte,random n=64 m=128 s=91209,thm1,91209,64,128,19,64,158,19,1,0,0,311296,311296,35,49,87,3312,933888,16498895,89653248,55,1,129.032,
dichte,random n=64 m=186 s=91300,thm4,91300,64,186,23,64,186,24,0,0,0,,,12,12,12,182,308,233821,236609,,1,2.595,
dichte,random n=64 m=186 s=91300,thm1,91300,64,186,23,64,186,23,0,0,0,376832,376832,46,61,61,4380,1130496,22986971,108527616,63,1,144.044,
dichte,random n=64 m=186 s=91301,thm4,91301,64,186,20,64,186,20,0,0,0,,,10,10,10,180,308,194163,197185,,1,2.553,
dichte,random n=64 m=186 s=91301,thm1,91301,64,186,20,64,186,20,0,0,0,327680,327680,48,52,52,4522,983040,19988746,94371840,63,1,145.038,
dichte,random n=64 m=186 s=91302,thm4,91302,64,186,37,64,186,38,0,0,0,,,19,19,19,185,308,370219,374285,,1,2.823,
dichte,random n=64 m=186 s=91302,thm1,91302,64,186,37,64,186,37,0,0,0,606208,606208,51,103,103,6120,1818624,36978868,174587904,63,1,141.905,
dichte,random n=64 m=186 s=91303,thm4,91303,64,186,25,64,186,26,0,0,0,,,13,13,13,183,308,253230,256013,,1,2.643,
dichte,random n=64 m=186 s=91303,thm1,91303,64,186,25,64,186,25,0,0,0,409600,409600,53,67,67,3696,1228800,24985768,117964800,63,1,141.297,
dichte,random n=64 m=186 s=91304,thm4,91304,64,186,25,64,186,26,0,0,0,,,13,13,13,185,308,253240,256013,,1,2.642,
dichte,random n=64 m=186 s=91304,thm1,91304,64,186,25,64,186,25,0,0,0,409600,409600,51,67,67,6204,1228800,24985882,117964800,63,1,145.281,
dichte,random n=64 m=186 s=91305,thm4,91305,64,186,22,64,186,22,0,0,0,,,11,11,11,180,308,214227,216589,,1,2.635,
dichte,random n=64 m=186 s=91305,thm1,91305,64,186,22,64,186,22,0,0,0,360448,360448,35,58,58,7733,1081344,21987735,103809024,63,1,145.840,
dichte,random n=64 m=186 s=91306,thm4,91306,64,186,27,64,186,28,0,0,0,,,14,14,14,185,308,272829,276033,,1,2.657,
dichte,random n=64 m=186 s=91306,thm1,91306,64,186,27,64,186,27,0,0,0,442368,442368,52,73,73,6432,1327104,26984716,127401984,63,1,145.475,
dichte,random n=64 m=186 s=91307,thm4,91307,64,186,28,64,186,28,0,0,0,,,14,14,14,185,308,272829,276033,,1,2.600,
dichte,random n=64 m=186 s=91307,thm1,91307,64,186,28,64,186,28,0,0,0,458752,458752,54,76,76,5425,1376256,27984089,132120576,63,1,141.344,
dichte,random n=64 m=186 s=91308,thm4,91308,64,186,24,64,186,24,0,0,0,,,12,12,12,182,308,233821,236609,,1,2.783,
dichte,random n=64 m=186 s=91308,thm1,91308,64,186,24,64,186,24,0,0,0,393216,393216,51,64,64,3927,1179648,23986363,113246208,63,1,144.717,
dichte,random n=64 m=186 s=91309,thm4,91309,64,186,29,64,186,30,0,0,0,,,15,15,15,184,308,292227,295437,,1,2.751,
dichte,random n=64 m=186 s=91309,thm1,91309,64,186,29,64,186,29,0,0,0,475136,475136,44,79,79,11258,1425408,28983729,136839168,63,1,146.047,
dichte,random n=128 m=128 s=92000,thm4,92000,128,128,14,128,190,14,1,0,0,,,7,7,8,189,252,224159,225669,,1,161.548,
dichte,random n=128 m=128 s=92000,thm1,92000,128,128,14,128,256,14,1,0,0,917504,917504,20,34,64,11231,2752512,80740352,528482304,90,1,933.117,
dichte,random n=128 m=128 s=92001,thm4,92001,128,128,10,128,190,10,1,0,0,,,5,5,6,186,252,160329,161157,,1,109.394,
dichte,random n=128 m=128 s=92001,thm1,92001,128,128,10,128,253,10,1,0,0,655360,655360,15,22,46,6258,1966080,58327934,377487360,91,1,839.300,
dichte,random n=128 m=128 s=92002,thm4,92002,128,128,11,128,181,12,1,0,0,,,6,6,7,177,234,178439,179841,,1,109.741,
dichte,random n=128 m=128 s=92002,thm1,92002,128,128,11,128,238,11,1,0,0,720896,720896,20,25,51,7976,2162688,55509989,415236096,79,1,826.551,
dichte,random n=128 m=128 s=92003,thm4,92003,128,128,15,128,186,16,1,0,0,,,8,8,9,185,244,248037,249985,,1,128.948,
dichte,random n=128 m=128 s=92003,thm1,92003,128,128,15,128,250,15,1,0,0,983040,983040,21,37,69,8808,2949120,88473600,566231040,92,1,862.118,
dichte,random n=128 m=128 s=92004,thm4,92004,128,128,20,128,197,20,1,0,0,,,10,10,11,195,266,337950,340609,,1,212.847,
dichte,random n=128 m=128 s=92004,thm1,92004,128,128,20,128,249,20,1,0,0,1310720,1310720,30,52,91,13957,3932160,108790581,754974720,85,1,922.192,
dichte,random n=128 m=128 s=92005,thm4,92005,128,128,15,128,189,16,1,0,0,,,8,8,9,188,250,254131,256129,,1,162.523,
dichte,random n=128 m=128 s=92005,thm1,92005,128,128,15,128,248,15,1,0,0,983040,983040,19,37,69,8964,2949120,85525227,566231040,89,1,908.680,
dichte,random n=128 m=128 s=92006,thm4,92006,128,128,11,128,198,12,1,0,0,,,6,6,7,196,268,204347,205953,,1,132.648,
dichte,random n=128 m=128 s=92006,thm1,92006,128,128,11,128,253,11,1,0,0,720896,720896,21,25,51,9008,2162688,62717952,415236096,89,1,910.873,
dichte,random n=128 m=128 s=92007,thm4,92007,128,128,14,128,195,14,1,0,0,,,7,7,8,190,262,233046,234619,,1,155.329,
dichte,random n=128 m=128 s=92007,thm1,92007,128,128,14,128,262,14,1,0,0,917504,917504,28,34,64,9438,2752512,83493722,528482304,93,1,949.352,
dichte,random n=128 m=128 s=92008,thm4,92008,128,128,15,128,193,16,1,0,0,,,8,8,9,191,258,262257,264321,,1,161.663,
dichte,random n=128 m=128 s=92008,thm1,92008,128,128,15,128,245,15,1,0,0,983040,983040,29,37,69,10164,2949120,81592320,566231040,85,1,848.308,
dichte,random n=128 m=128 s=92009,thm4,92009,128,128,10,128,190,10,1,0,0,,,5,5,6,183,252,160330,161157,,1,158.094,
dichte,random n=128 m=128 s=92009,thm1,92009,128,128,10,128,253,10,1,0,0,655360,655360,19,22,46,5383,1966080,53084160,377487360,83,1,856.340,
dichte,random n=128 m=192 s=92100,thm4,92100,128,192,23,128,226,24,1,0,0,,,12,12,13,223,324,495018,497793,,1,26.385,
dichte,random n=128 m=192 s=92100,thm1,92100,128,192,23,128,281,23,1,0,0,1507328,1507328,37,61,105,13080,4521984,141689486,868220928,96,1,843.453,
dichte,random n=128 m=192 s=92101,thm4,92101,128,192,15,128,217,16,1,0,0,,,8,8,9,213,306,311029,313473,,1,20.744,
dichte,random n=128 m=192 s=92101,thm1,92101,128,192,15,128,275,15,1,0,0,983040,983040,29,37,69,7704,2949120,94372482,566231040,98,1,801.648,
dichte,random n=128 m=192 s=92102,thm4,92102,128,192,19,128,220,20,1,0,0,,,10,10,11,216,312,396370,399489,,1,22.489,
dichte,random n=128 m=192 s=92102,thm1,92102,128,192,19,128,273,20,1,0,0,1310720,1310720,38,52,87,9452,3932160,129761836,754974720,101,1,874.376,
dichte,random n=128 m=192 s=92103,thm4,92103,128,192,20,128,222,20,1,0,0,,,10,10,11,220,316,402303,404609,,1,25.367,
dichte,random n=128 m=192 s=92103,thm1,92103,128,192,20,128,276,20,1,0,0,1310720,1310720,35,52,91,9894,3932160,127140422,754974720,99,1,816.342,
dichte,random n=128 m=192 s=92104,thm4,92104,128,192,14,128,223,14,1,0,0,,,7,7,8,216,318,282833,284739,,1,24.440,
dichte,random n=128 m=192 s=92104,thm1,92104,128,192,14,128,280,14,1,0,0,917504,917504,29,34,64,10989,2752512,92668903,528482304,103,1,916.123,
dichte,random n=128 m=192 s=92105,thm4,92105,128,192,17,128,224,18,1,0,0,,,9,9,10,218,320,366322,368449,,1,27.676,
dichte,random n=128 m=192 s=92105,thm1,92105,128,192,17,128,282,19,1,0,0,1245184,1245184,43,49,78,8448,3735552,122028560,717225984,100,1,870.777,
dichte,random n=128 m=192 s=92106,thm4,92106,128,192,22,128,228,22,1,0,0,,,11,11,12,226,328,458383,461625,,1,28.418,
dichte,random n=128 m=192 s=92106,thm1,92106,128,192,22,128,281,22,1,0,0,1441792,1441792,36,58,100,15694,4325376,145621818,830472192,103,1,889.113,
dichte,random n=128 m=192 s=92107,thm4,92107,128,192,15,128,213,16,1,0,0,,,8,8,9,209,298,303456,305281,,1,17.517,
dichte,random n=128 m=192 s=92107,thm1,92107,128,192,15,128,273,16,1,0,0,1048576,1048576,31,40,69,7605,3145728,99615305,603979776,97,1,812.020,
dichte,random n=128 m=192 s=92108,thm4,92108,128,192,25,128,229,26,1,0,0,,,13,13,14,227,330,545587,548919,,1,29.795,
dichte,random n=128 m=192 s=92108,thm1,92108,128,192,25,128,289,27,1,0,0,1769472,1769472,47,73,114,25032,5308416,176948243,1019215872,102,1,888.471,
dichte,random n=128 m=192 s=92109,thm4,92109,128,192,17,128,224,18,1,0,0,,,9,9,10,222,320,365891,368449,,1,26.890,
dichte,random n=128 m=192 s=92109,thm1,92109,128,192,17,128,274,18,1,0,0,1179648,1179648,35,46,78,14145,3538944,114425856,679477248,99,1,896.581,
dichte,random n=128 m=256 s=92200,thm4,92200,128,256,23,128,264,24,1,0,0,,,12,12,13,262,400,611037,614529,,1,12.388,
dichte,random n=128 m=256 s=92200,thm1,92200,128,256,23,128,309,24,1,0,0,1572864,1572864,40,64,105,12915,4718592,166724199,905969664,108,1,966.707,
dichte,random n=128 m=256 s=92201,thm4,92201,128,256,25,128,268,26,1,0,0,,,13,13,14,265,408,675060,678633,,1,15.509,
dichte,random n=128 m=256 s=92201,thm1,92201,128,256,25,128,310,25,1,0,0,1638400,1638400,48,67,114,19316,4915200,175309678,943718400,109,1,969.393,
dichte,random n=128 m=256 s=92202,thm4,92202,128,256,22,128,268,22,1,0,0,,,11,11,12,265,408,570119,574185,,1,14.229,
dichte,random n=128 m=256 s=92202,thm1,92202,128,256,22,128,315,22,1,0,0,1441792,1441792,41,58,100,13813,4325376,165806807,830472192,117,1,1031.154,
dichte,random n=128 m=256 s=92203,thm4,92203,128,256,26,128,267,26,1,0,0,,,13,13,14,264,406,670443,675307,,1,13.555,
dichte,random n=128 m=256 s=92203,thm1,92203,128,256,26,128,313,27,1,0,0,1769472,1769472,48,73,118,24552,5308416,176947200,1019215872,102,1,894.744,
dichte,random n=128 m=256 s=92204,thm4,92204,128,256,20,128,266,20,1,0,0,,,10,10,11,261,404,514231,517249,,1,12.667,
dichte,random n=128 m=256 s=92204,thm1,92204,128,256,20,128,312,22,1,0,0,1441792,1441792,40,58,91,13680,4325376,165806080,830472192,117,1,1011.365,
dichte,random n=128 m=256 s=92205,thm4,92205,128,256,27,128,268,28,1,0,0,,,14,14,15,267,408,727153,731265,,1,14.181,
dichte,random n=128 m=256 s=92205,thm1,92205,128,256,27,128,314,28,1,0,0,1835008,1835008,53,76,123,11750,5505024,194511318,1056964608,108,1,894.596,
dichte,random n=128 m=256 s=92206,thm4,92206,128,256,27,128,263,28,1,0,0,,,14,14,15,260,398,709331,713345,,1,10.247,
dichte,random n=128 m=256 s=92206,thm1,92206,128,256,27,128,304,28,1,0,0,1835008,1835008,42,76,123,12175,5505024,198181351,1056964608,110,1,870.877,
dichte,random n=128 m=256 s=92207,thm4,92207,128,256,27,128,269,28,1,0,0,,,14,14,15,268,410,729112,734849,,1,15.175,
dichte,random n=128 m=256 s=92207,thm1,92207,128,256,27,128,310,27,1,0,0,1769472,1769472,47,73,123,23112,5308416,180486144,1019215872,104,1,905.337,
dichte,random n=128 m=256 s=92208,thm4,92208,128,256,27,128,264,28,1,0,0,,,14,14,15,262,400,711339,716929,,1,11.002,
dichte,random n=128 m=256 s=92208,thm1,92208,128,256,27,128,310,27,1,0,0,1769472,1769472,42,73,123,21720,5308416,182256521,1019215872,105,1,873.788,
dichte,random n=128 m=256 s=92209,thm4,92209,128,256,21,128,268,22,1,0,0,,,11,11,12,263,408,571155,574185,,1,14.179,
dichte,random n=128 m=256 s=92209,thm1,92209,128,256,21,128,317,22,1,0,0,1441792,1441792,46,58,96,13357,4325376,145621695,830472192,103,1,879.193,
dichte,random n=128 m=378 s=92300,thm4,92300,128,378,40,128,378,40,0,0,0,,,20,20,20,375,628,1598622,1607809,,1,9.256,
dichte,random n=128 m=378 s=92300,thm1,92300,128,378,40,128,378,40,0,0,0,2621440,2621440,79,112,112,38924,7864320,327681052,1509949440,127,1,1104.184,
dichte,random n=128 m=378 s=92301,thm4,92301,128,378,44,128,378,44,0,0,0,,,22,22,22,376,628,1758519,1768577,,1,9.195,
dichte,random n=128 m=378 s=92301,thm1,92301,128,378,44,128,378,44,0,0,0,2883584,2883584,72,124,124,29684,8650752,360448724,1660944384,127,1,1088.178,
dichte,random n=128 m=378 s=92302,thm4,92302,128,378,33,128,378,34,0,0,0,,,17,17,17,375,628,1358604,1366029,,1,9.263,
dichte,random n=128 m=378 s=92302,thm1,92302,128,378,33,128,378,33,0,0,0,2162688,2162688,75,91,91,12540,6488064,270336418,1245708288,127,1,1090.806,
dichte,random n=128 m=378 s=92303,thm4,92303,128,378,44,128,378,44,0,0,0,,,22,22,22,377,628,1758529,1768577,,1,9.259,
dichte,random n=128 m=378 s=92303,thm1,92303,128,378,44,128,378,44,0,0,0,2883584,2883584,81,124,124,54243,8650752,360449323,1660944384,127,1,1107.842,
dichte,random n=128 m=378 s=92304,thm4,92304,128,378,36,128,378,36,0,0,0,,,18,18,18,375,628,1438735,1447041,,1,9.435,
dichte,random n=128 m=378 s=92304,thm1,92304,128,378,36,128,378,36,0,0,0,2359296,2359296,81,100,100,20229,7077888,294912613,1358954496,127,1,1102.258,
dichte,random n=128 m=378 s=92305,thm4,92305,128,378,37,128,378,38,0,0,0,,,19,19,19,375,628,1518491,1526797,,1,9.078,
dichte,random n=128 m=378 s=92305,thm1,92305,128,378,37,128,378,37,0,0,0,2424832,2424832,79,103,103,16422,7274496,303104483,1396703232,127,1,1100.204,
dichte,random n=128 m=378 s=92306,thm4,92306,128,378,36,128,378,36,0,0,0,,,18,18,18,376,628,1438743,1447041,,1,9.279,
dichte,random n=128 m=378 s=92306,thm1,92306,128,378,36,128,378,36,0,0,0,2359296,2359296,66,100,100,28314,7077888,294912858,1358954496,127,1,1109.423,
dichte,random n=128 m=378 s=92307,thm4,92307,128,378,37,128,378,38,0,0,0,,,19,19,19,375,628,1518491,1526797,,1,9.223,
dichte,random n=128 m=378 s=92307,thm1,92307,128,378,37,128,378,37,0,0,0,2424832,2424832,71,103,103,26758,7274496,303104787,1396703232,127,1,1095.117,
dichte,random n=128 m=378 s=92308,thm4,92308,128,378,38,128,378,38,0,0,0,,,19,19,19,377,628,1518507,1526797,,1,9.085,
dichte,random n=128 m=378 s=92308,thm1,92308,128,378,38,128,378,38,0,0,0,2490368,2490368,67,106,106,38115,7471104,311297089,1434451968,127,1,1118.608,
dichte,random n=128 m=378 s=92309,thm4,92309,128,378,29,128,378,30,0,0,0,,,15,15,15,373,628,1196947,1205261,,1,9.387,
dichte,random n=128 m=378 s=92309,thm1,92309,128,378,29,128,378,29,0,0,0,1900544,1900544,73,79,79,14404,5701632,237568554,1094713344,127,1,1102.007,
stern,stern k=4,thm4,-1,5,4,4,5,7,4,1,0,0,,,2,2,3,4,9,76,96,,1,0.132,
stern,stern k=4,thm1,-1,5,4,4,5,8,5,1,0,0,500,500,3,7,19,12,2160,1000,19440,4,1,0.243,
pfad,pfad n=4,thm4,-1,4,3,2,4,4,4,1,0,0,,,2,2,2,3,4,27,37,,1,0.056,
pfad,pfad n=4,thm1,-1,4,3,2,4,6,5,1,0,0,320,320,2,7,10,6,2160,320,19440,3,1,0.130,
stern,stern k=8,thm4,-1,9,8,8,9,15,8,1,0,0,,,4,4,5,14,21,694,766,,1,0.353,
stern,stern k=8,thm1,-1,9,8,8,9,16,8,1,0,0,2592,2592,7,16,37,70,7776,15552,104976,8,1,0.932,
pfad,pfad n=8,thm4,-1,8,7,2,8,8,4,1,0,0,,,2,2,2,7,8,119,137,,1,0.088,
pfad,pfad n=8,thm1,-1,8,7,2,8,14,5,1,0,0,1280,1280,4,7,10,12,3840,5120,46080,6,1,0.564,
stern,stern k=12,thm4,-1,13,12,12,13,23,12,1,0,0,,,6,6,7,22,33,2432,2588,,1,0.774,
stern,stern k=12,thm1,-1,13,12,12,13,24,12,1,0,0,8112,8112,11,28,55,198,24336,81120,474552,12,1,2.212,
pfad,pfad n=12,thm4,-1,12,11,2,12,12,4,1,0,0,,,2,2,2,11,12,275,301,,1,0.145,
pfad,pfad n=12,thm1,-1,12,11,2,12,21,5,1,0,0,2880,2880,6,7,10,38,8640,20179,155520,9,1,1.438,
stern,stern k=16,thm4,-1,17,16,16,17,31,16,1,0,0,,,8,8,9,30,45,5866,6138,,1,1.428,
stern,stern k=16,thm1,-1,17,16,16,17,32,16,1,0,0,18496,18496,15,40,73,390,55488,258944,1414944,16,1,4.622,
pfad,pfad n=16,thm4,-1,16,15,2,16,16,4,1,0,0,,,2,2,2,15,16,495,529,,1,0.211,
pfad,pfad n=16,thm1,-1,16,15,2,16,29,5,1,0,0,5120,5120,6,7,10,40,15360,51220,368640,12,1,2.761,
stern,stern k=20,thm4,-1,21,20,20,21,39,20,1,0,0,,,10,10,11,38,57,11572,11992,,1,2.351,
stern,stern k=20,thm1,-1,21,20,20,21,40,20,1,0,0,35280,35280,19,52,91,646,105840,635040,3333960,20,1,7.847,
pfad,pfad n=20,thm4,-1,20,19,2,20,20,4,1,0,0,,,2,2,2,19,20,779,821,,1,0.303,
pfad,pfad n=20,thm1,-1,20,19,2,20,36,5,1,0,0,8000,8000,6,7,10,58,24000,104029,720000,15,1,4.682,
stern,stern k=24,thm4,-1,25,24,24,25,47,24,1,0,0,,,12,12,13,46,69,20126,20726,,1,3.591,
stern,stern k=24,thm1,-1,25,24,24,25,48,24,1,0,0,60000,60000,23,64,109,966,180000,1320000,6750000,24,1,12.295,
pfad,pfad n=24,thm4,-1,24,23,2,24,24,4,1,0,0,,,2,2,2,23,24,1127,1177,,1,0.380,
pfad,pfad n=24,thm1,-1,24,23,2,24,44,5,1,0,0,11520,11520,7,7,10,74,34560,184357,1244160,18,1,7.671,
stern,stern k=28,thm4,-1,29,28,28,29,55,28,1,0,0,,,14,14,15,54,81,32104,32916,,1,5.114,
stern,stern k=28,thm1,-1,29,28,28,29,56,28,1,0,0,94192,94192,27,76,127,1350,282576,2448992,12292056,28,1,18.363,
pfad,pfad n=28,thm4,-1,28,27,2,28,28,4,1,0,0,,,2,2,2,27,28,1539,1597,,1,0.487,
pfad,pfad n=28,thm1,-1,28,27,2,28,51,5,1,0,0,15680,15680,7,7,10,92,47040,282286,1975680,20,1,10.927,
stern,stern k=32,thm4,-1,33,32,32,33,63,32,1,0,0,,,16,16,17,62,93,48082,49138,,1,7.289,
stern,stern k=32,thm1,-1,33,32,32,33,64,32,1,0,0,139392,139392,31,88,145,1798,418176,4181760,20699712,32,1,26.040,
pfad,pfad n=32,thm4,-1,32,31,2,32,32,4,1,0,0,,,2,2,2,31,32,2015,2081,,1,0.607,
pfad,pfad n=32,thm1,-1,32,31,2,32,59,5,1,0,0,20480,20480,7,7,10,110,61440,409655,2949120,22,1,15.538,
stern,stern k=36,thm4,-1,37,36,36,37,71,36,1,0,0,,,18,18,19,70,105,68636,69968,,1,10.023,
stern,stern k=36,thm1,-1,37,36,36,37,72,36,1,0,0,197136,197136,35,100,163,2310,591408,6702624,32823144,36,1,35.839,
pfad,pfad n=36,thm4,-1,36,35,2,36,36,4,1,0,0,,,2,2,2,35,36,2555,2629,,1,0.753,
pfad,pfad n=36,thm1,-1,36,35,2,36,66,5,1,0,0,25920,25920,7,7,10,136,77760,570308,4199040,24,1,21.402,
stern,stern k=40,thm4,-1,41,40,40,41,79,40,1,0,0,,,20,20,21,78,117,94342,95982,,1,13.088,
stern,stern k=40,thm1,-1,41,40,40,41,80,40,1,0,0,268960,268960,39,112,181,2886,806880,10220480,49623120,40,1,47.226,
pfad,pfad n=40,thm4,-1,40,39,2,40,40,4,1,0,0,,,2,2,2,39,40,3159,3241,,1,0.882,
pfad,pfad n=40,thm1,-1,40,39,2,40,74,5,1,0,0,32000,32000,7,7,10,162,96000,800081,5760000,27,1,29.080,
spinne,spinne legs=3 len=2,thm4,-1,7,6,3,7,8,4,1,0,0,,,2,2,3,5,9,114,134,,1,0.118,
spinne,spinne legs=3 len=2,thm1,-1,7,6,3,7,12,5,1,0,0,980,980,5,7,15,18,2940,2940,30870,5,1,0.433,
spinne,spinne legs=3 len=3,thm4,-1,10,9,3,10,11,4,1,0,0,,,2,2,3,8,12,225,251,,1,0.165,
spinne,spinne legs=3 len=3,thm1,-1,10,9,3,10,17,5,1,0,0,2000,2000,5,7,15,28,6000,8014,90000,6,1,0.859,
spinne,spinne legs=3 len=4,thm4,-1,13,12,3,13,14,4,1,0,0,,,2,2,3,11,15,372,404,,1,0.220,
spinne,spinne legs=3 len=4,thm1,-1,13,12,3,13,21,5,1,0,0,3380,3380,5,7,15,50,10140,20305,197730,8,1,1.497,
spinne,spinne legs=6 len=2,thm4,-1,13,12,6,13,17,6,1,0,0,,,3,3,4,16,21,768,812,,1,0.408,
spinne,spinne legs=6 len=2,thm1,-1,13,12,6,13,23,6,1,0,0,4056,4056,7,10,28,69,12168,24336,237276,8,1,1.596,
spinne,spinne legs=6 len=3,thm4,-1,19,18,6,19,23,6,1,0,0,,,3,3,4,22,27,1476,1532,,1,0.691,
spinne,spinne legs=6 len=3,thm1,-1,19,18,6,19,31,6,1,0,0,8664,8664,5,10,28,120,25992,86640,740772,12,1,3.866,
spinne,spinne legs=6 len=4,thm4,-1,25,24,6,25,29,6,1,0,0,,,3,3,4,28,33,2400,2468,,1,1.025,
spinne,spinne legs=6 len=4,thm1,-1,25,24,6,25,43,6,1,0,0,15000,15000,8,10,28,153,45000,195051,1687500,15,1,7.500,
spinne,spinne legs=9 len=2,thm4,-1,19,18,9,19,26,10,1,0,0,,,5,5,6,25,33,2988,3122,,1,1.004,
spinne,spinne legs=9 len=2,thm1,-1,19,18,9,19,35,9,1,0,0,12996,12996,11,19,42,282,38988,116964,1111158,11,1,4.374,
spinne,spinne legs=9 len=3,thm4,-1,28,27,9,28,35,10,1,0,0,,,5,5,6,34,42,5699,5867,,1,2.039,
spinne,spinne legs=9 len=3,thm1,-1,28,27,9,28,48,9,1,0,0,28224,28224,11,19,42,432,84672,366984,3556224,15,1,9.263,
spinne,spinne legs=9 len=4,thm4,-1,37,36,9,37,44,10,1,0,0,,,5,5,6,43,51,9218,9422,,1,3.114,
spinne,spinne legs=9 len=4,thm1,-1,37,36,9,37,65,9,1,0,0,49284,49284,12,19,42,546,147852,1035055,8205786,23,1,22.134,
spinne,spinne legs=12 len=2,thm4,-1,25,24,12,25,35,12,1,0,0,,,6,6,7,34,45,6505,6776,,1,2.001,
spinne,spinne legs=12 len=2,thm1,-1,25,24,12,25,47,12,1,0,0,30000,30000,13,28,55,531,90000,360000,3375000,14,1,8.149,
spinne,spinne legs=12 len=3,thm4,-1,37,36,12,37,47,12,1,0,0,,,6,6,7,46,57,12352,12692,,1,3.846,
spinne,spinne legs=12 len=3,thm1,-1,37,36,12,37,61,12,1,0,0,65712,65712,11,28,55,891,197136,1051392,10941048,18,1,20.556,
spinne,spinne legs=12 len=4,thm4,-1,49,48,12,49,59,12,1,0,0,,,6,6,7,58,69,19924,20336,,1,6.184,
spinne,spinne legs=12 len=4,thm1,-1,49,48,12,49,87,12,1,0,0,115248,115248,14,28,55,1557,345744,3111869,25412184,29,1,45.406,
gitter,gitter 3x3,thm4,-1,9,12,4,9,12,4,0,0,0,,,2,2,2,7,15,248,280,,1,0.089,
gitter,gitter 3x3,thm1,-1,9,12,4,9,14,5,1,0,0,1620,1620,6,7,19,26,4860,6493,65610,6,1,0.530,
gitter,gitter 4x4,thm4,-1,16,24,4,16,24,4,0,0,0,,,2,2,2,12,32,975,1041,,1,0.153,
gitter,gitter 4x4,thm1,-1,16,24,4,16,26,5,1,0,0,5120,5120,6,7,19,60,15360,46110,368640,11,1,2.064,
gitter,gitter 5x5,thm4,-1,25,40,4,25,40,4,0,0,0,,,2,2,2,19,55,2664,2776,,1,0.244,
gitter,gitter 5x5,thm1,-1,25,40,4,25,43,5,1,0,0,12500,12500,6,7,19,122,37500,212561,1406250,19,1,7.869,
gitter,gitter 6x6,thm4,-1,36,60,4,36,60,4,0,0,0,,,2,2,2,28,84,5915,6085,,1,0.387,
gitter,gitter 6x6,thm1,-1,36,60,4,36,62,5,1,0,0,25920,25920,6,7,19,226,77760,648113,4199040,27,1,19.800,
gitter,gitter 7x7,thm4,-1,49,84,4,49,84,4,0,0,0,,,2,2,2,39,119,11472,11712,,1,0.598,
gitter,gitter 7x7,thm1,-1,49,84,4,49,87,5,1,0,0,48020,48020,6,7,19,392,144060,1776936,10588410,39,1,51.537,
gitter,gitter 8x8,thm4,-1,64,112,4,64,112,4,0,0,0,,,2,2,2,52,160,20223,20545,,1,0.874,
gitter,gitter 8x8,thm1,-1,64,112,4,64,114,5,1,0,0,81920,81920,6,7,19,628,245760,4014394,23592960,51,1,107.324,
gitter,gitter 9x9,thm4,-1,81,144,4,81,144,4,0,0,0,,,2,2,2,67,207,33200,33616,,1,1.248,
gitter,gitter 9x9,thm1,-1,81,144,4,81,147,5,1,0,0,131220,131220,6,7,19,956,393660,8529778,47829690,67,1,221.527,
gitter,gitter 10x10,thm4,-1,100,180,4,100,180,4,0,0,0,,,2,2,2,84,260,51579,52101,,1,1.711,
gitter,gitter 10x10,thm1,-1,100,180,4,100,182,5,1,0,0,200000,200000,6,7,19,1380,600000,16200690,90000000,83,1,398.912,
gitter,gitter 11x11,thm4,-1,121,220,4,121,220,4,0,0,0,,,2,2,2,103,319,76680,77320,,1,2.477,
gitter,gitter 11x11,thm1,-1,121,220,4,121,223,5,1,0,0,292820,292820,6,7,19,1932,878460,29575786,159440490,103,1,715.116,
gitter,gitter 12x12,thm4,-1,144,264,4,144,264,4,0,0,0,,,2,2,2,124,384,109967,110737,,1,3.180,
gitter,gitter 12x12,thm1,-1,144,264,4,144,266,5,1,0,0,414720,414720,6,7,19,2606,1244160,50182423,268738560,123,1,1172.747,
referenz,K4,thm4,-1,4,6,3,4,6,4,0,0,0,,,2,2,2,3,8,51,69,,1,0.094,
referenz,K4,thm1,-1,4,6,3,4,6,5,0,0,0,320,320,5,7,7,6,2160,323,19440,3,1,0.121,
referenz,Oktaeder,thm4,-1,6,12,4,6,12,6,0,1,0,,,3,3,3,9,18,281,313,,1,0.099,
referenz,Oktaeder,thm1,-1,6,12,4,6,12,5,0,0,0,720,720,7,7,7,14,2160,2167,19440,5,1,0.301,
referenz,Ikosaeder,thm4,-1,12,30,5,12,30,6,0,0,0,,,3,3,3,19,48,1617,1693,,1,0.171,
referenz,Ikosaeder,thm1,-1,12,30,5,12,30,5,0,0,1,2880,2880,7,7,7,44,8640,25945,155520,11,1,1.402,
referenz,Rad W8,thm4,-1,9,16,8,9,16,8,0,0,0,,,4,4,4,15,23,756,838,,1,0.094,
referenz,Rad W8,thm1,-1,9,16,8,9,16,8,0,0,0,2592,2592,9,16,16,70,7776,15566,104976,8,1,0.623,
referenz,Paper Abb. 1,thm4,-1,13,25,5,13,25,6,0,0,0,,,3,3,3,17,37,1344,1420,,1,0.148,
referenz,Paper Abb. 1,thm1,-1,13,25,5,13,25,5,0,0,0,3380,3380,7,7,7,52,10140,30446,197730,11,1,1.472,
ksweep,Rad W8,thm1,-1,9,16,8,9,16,8,0,0,0,6,2592,9,16,16,70,7776,50,104976,8,1,0.611,
ksweep,Rad W8,thm1,-1,9,16,8,9,16,8,0,0,0,9,2592,9,16,16,70,7776,68,104976,8,1,0.610,
ksweep,Rad W8,thm1,-1,9,16,8,9,16,8,0,0,0,14,2592,9,16,16,70,7776,98,104976,8,1,0.612,
ksweep,Rad W8,thm1,-1,9,16,8,9,16,8,0,0,0,22,2592,9,16,16,70,7776,146,104976,8,1,0.684,
ksweep,Rad W8,thm1,-1,9,16,8,9,16,8,0,0,0,34,2592,9,16,16,70,7776,218,104976,8,1,0.622,
ksweep,Rad W8,thm1,-1,9,16,8,9,16,8,0,0,0,52,2592,9,16,16,70,7776,326,104976,8,1,0.615,
ksweep,Rad W8,thm1,-1,9,16,8,9,16,8,0,0,0,81,2592,9,16,16,70,7776,500,104976,8,1,0.605,
ksweep,Rad W8,thm1,-1,9,16,8,9,16,8,0,0,0,125,2592,9,16,16,70,7776,764,104976,8,1,0.606,
ksweep,Rad W8,thm1,-1,9,16,8,9,16,8,0,0,0,192,2592,9,16,16,70,7776,1166,104976,8,1,0.605,
ksweep,Rad W8,thm1,-1,9,16,8,9,16,8,0,0,0,297,2592,9,16,16,70,7776,1796,104976,8,1,0.810,
ksweep,Rad W8,thm1,-1,9,16,8,9,16,8,0,0,0,458,2592,9,16,16,70,7776,2762,104976,8,1,0.653,
ksweep,Rad W8,thm1,-1,9,16,8,9,16,8,0,0,0,706,2592,9,16,16,70,7776,4250,104976,8,1,0.616,
ksweep,Rad W8,thm1,-1,9,16,8,9,16,8,0,0,0,1089,2592,9,16,16,70,7776,6548,104976,8,1,0.612,
ksweep,Rad W8,thm1,-1,9,16,8,9,16,8,0,0,0,1680,2592,9,16,16,70,7776,10094,104976,8,1,0.607,
ksweep,Rad W8,thm1,-1,9,16,8,9,16,8,0,0,0,2592,2592,9,16,16,70,7776,15566,104976,8,1,0.607,
ksweep,Antiprisma A8,thm1,-1,16,32,4,16,32,5,0,0,0,3,5120,7,7,7,82,15360,89,368640,10,1,2.164,
ksweep,Antiprisma A8,thm1,-1,16,32,4,16,32,5,0,0,0,5,5120,7,7,7,76,15360,98,368640,10,1,2.153,
ksweep,Antiprisma A8,thm1,-1,16,32,4,16,32,5,0,0,0,9,5120,7,7,7,74,15360,127,368640,10,1,2.129,
ksweep,Antiprisma A8,thm1,-1,16,32,4,16,32,5,0,0,0,15,5120,7,7,7,74,15360,172,368640,10,1,2.350,
ksweep,Antiprisma A8,thm1,-1,16,32,4,16,32,5,0,0,0,25,5120,7,7,7,72,15360,236,368640,10,1,2.129,
ksweep,Antiprisma A8,thm1,-1,16,32,4,16,32,5,0,0,0,43,5120,7,7,7,72,15360,380,368640,10,1,2.136,
ksweep,Antiprisma A8,thm1,-1,16,32,4,16,32,5,0,0,0,73,5120,7,7,7,72,15360,620,368640,10,1,2.156,
ksweep,Antiprisma A8,thm1,-1,16,32,4,16,32,5,0,0,0,124,5120,7,7,7,72,15360,1028,368640,10,1,2.147,
ksweep,Antiprisma A8,thm1,-1,16,32,4,16,32,5,0,0,0,211,5120,7,7,7,72,15360,1724,368640,10,1,2.324,
ksweep,Antiprisma A8,thm1,-1,16,32,4,16,32,5,0,0,0,359,5120,7,7,7,72,15360,2908,368640,10,1,2.169,
ksweep,Antiprisma A8,thm1,-1,16,32,4,16,32,5,0,0,0,611,5120,7,7,7,72,15360,4924,368640,10,1,2.155,
ksweep,Antiprisma A8,thm1,-1,16,32,4,16,32,5,0,0,0,1039,5120,7,7,7,72,15360,8348,368640,10,1,2.132,
ksweep,Antiprisma A8,thm1,-1,16,32,4,16,32,5,0,0,0,1768,5120,7,7,7,72,15360,14180,368640,10,1,2.164,
ksweep,Antiprisma A8,thm1,-1,16,32,4,16,32,5,0,0,0,3009,5120,7,7,7,72,15360,24108,368640,10,1,2.147,
ksweep,Antiprisma A8,thm1,-1,16,32,4,16,32,5,0,0,0,5120,5120,7,7,7,72,15360,40996,368640,10,1,2.327,
ksweep,Triangulierung n=32 s=4242,thm1,-1,32,90,17,32,90,17,0,0,0,15,69632,36,43,43,1372,208896,743,10027008,31,1,20.145,
ksweep,Triangulierung n=32 s=4242,thm1,-1,32,90,17,32,90,17,0,0,0,27,69632,36,43,43,1330,208896,1067,10027008,31,1,19.909,
ksweep,Triangulierung n=32 s=4242,thm1,-1,32,90,17,32,90,17,0,0,0,50,69632,36,43,43,1330,208896,1745,10027008,31,1,20.062,
ksweep,Triangulierung n=32 s=4242,thm1,-1,32,90,17,32,90,17,0,0,0,92,69632,36,43,43,1316,208896,2854,10027008,31,1,20.160,
ksweep,Triangulierung n=32 s=4242,thm1,-1,32,90,17,32,90,17,0,0,0,167,69632,36,43,43,1330,208896,4938,10027008,31,1,20.235,
ksweep,Triangulierung n=32 s=4242,thm1,-1,32,90,17,32,90,17,0,0,0,306,69632,36,43,43,1330,208896,8969,10027008,31,1,20.121,
ksweep,Triangulierung n=32 s=4242,thm1,-1,32,90,17,32,90,17,0,0,0,559,69632,36,43,43,1330,208896,16306,10027008,31,1,19.934,
ksweep,Triangulierung n=32 s=4242,thm1,-1,32,90,17,32,90,17,0,0,0,1022,69632,36,43,43,1330,208896,29733,10027008,31,1,20.063,
ksweep,Triangulierung n=32 s=4242,thm1,-1,32,90,17,32,90,17,0,0,0,1868,69632,36,43,43,1330,208896,54267,10027008,31,1,19.995,
ksweep,Triangulierung n=32 s=4242,thm1,-1,32,90,17,32,90,17,0,0,0,3414,69632,36,43,43,1330,208896,99101,10027008,31,1,20.064,
ksweep,Triangulierung n=32 s=4242,thm1,-1,32,90,17,32,90,17,0,0,0,6240,69632,36,43,43,1330,208896,181055,10027008,31,1,20.010,
ksweep,Triangulierung n=32 s=4242,thm1,-1,32,90,17,32,90,17,0,0,0,11405,69632,36,43,43,1330,208896,330840,10027008,31,1,19.854,
ksweep,Triangulierung n=32 s=4242,thm1,-1,32,90,17,32,90,17,0,0,0,20845,69632,36,43,43,1330,208896,604600,10027008,31,1,20.164,
ksweep,Triangulierung n=32 s=4242,thm1,-1,32,90,17,32,90,17,0,0,0,38098,69632,36,43,43,1330,208896,1104937,10027008,31,1,19.884,
ksweep,Triangulierung n=32 s=4242,thm1,-1,32,90,17,32,90,17,0,0,0,69632,69632,36,43,43,1330,208896,2019423,10027008,31,1,20.028,
ksweep,Paper Abb. 1,thm1,-1,13,25,5,13,25,5,0,0,0,3,3380,7,7,7,52,10140,53,197730,11,1,1.429,
ksweep,Paper Abb. 1,thm1,-1,13,25,5,13,25,5,0,0,0,5,3380,7,7,7,52,10140,71,197730,11,1,1.456,
ksweep,Paper Abb. 1,thm1,-1,13,25,5,13,25,5,0,0,0,8,3380,7,7,7,52,10140,98,197730,11,1,1.464,
ksweep,Paper Abb. 1,thm1,-1,13,25,5,13,25,5,0,0,0,14,3380,7,7,7,52,10140,152,197730,11,1,1.660,
ksweep,Paper Abb. 1,thm1,-1,13,25,5,13,25,5,0,0,0,22,3380,7,7,7,52,10140,224,197730,11,1,1.445,
ksweep,Paper Abb. 1,thm1,-1,13,25,5,13,25,5,0,0,0,37,3380,7,7,7,52,10140,359,197730,11,1,1.429,
ksweep,Paper Abb. 1,thm1,-1,13,25,5,13,25,5,0,0,0,61,3380,7,7,7,52,10140,575,197730,11,1,1.424,
ksweep,Paper Abb. 1,thm1,-1,13,25,5,13,25,5,0,0,0,101,3380,7,7,7,52,10140,935,197730,11,1,1.419,
ksweep,Paper Abb. 1,thm1,-1,13,25,5,13,25,5,0,0,0,166,3380,7,7,7,52,10140,1520,197730,11,1,1.418,
ksweep,Paper Abb. 1,thm1,-1,13,25,5,13,25,5,0,0,0,275,3380,7,7,7,52,10140,2501,197730,11,1,1.451,
ksweep,Paper Abb. 1,thm1,-1,13,25,5,13,25,5,0,0,0,454,3380,7,7,7,52,10140,4112,197730,11,1,1.419,
ksweep,Paper Abb. 1,thm1,-1,13,25,5,13,25,5,0,0,0,750,3380,7,7,7,52,10140,6776,197730,11,1,1.658,
ksweep,Paper Abb. 1,thm1,-1,13,25,5,13,25,5,0,0,0,1239,3380,7,7,7,52,10140,11177,197730,11,1,1.451,
ksweep,Paper Abb. 1,thm1,-1,13,25,5,13,25,5,0,0,0,2046,3380,7,7,7,52,10140,18440,197730,11,1,1.429,
ksweep,Paper Abb. 1,thm1,-1,13,25,5,13,25,5,0,0,0,3380,3380,7,7,7,52,10140,30446,197730,11,1,1.433,
kwahl,Rad W8,thm1,-1,9,16,8,9,16,8,0,0,0,2592,2592,9,16,16,70,7776,15566,104976,8,1,0.627,papier
kwahl,Rad W8,thm1,-1,9,16,8,9,16,8,0,0,0,6,2592,9,16,16,70,7776,50,104976,8,1,0.614,minimal
kwahl,Rad W8,thm1,-1,9,16,8,9,16,8,0,0,0,2591,2592,9,16,16,70,7776,15560,104976,8,1,0.610,modellprobe
kwahl,Rad W8,thm1,-1,9,16,8,9,16,8,0,0,0,9,2592,9,16,16,70,7776,68,104976,8,1,0.608,quadratisch
kwahl,Oktaeder,thm1,-1,6,12,4,6,12,5,0,0,0,720,720,7,7,7,14,2160,2167,19440,5,1,0.261,papier
kwahl,Oktaeder,thm1,-1,6,12,4,6,12,5,0,0,0,3,720,7,7,7,14,2160,16,19440,5,1,0.251,minimal
kwahl,Oktaeder,thm1,-1,6,12,4,6,12,5,0,0,0,719,720,7,7,7,14,2160,2164,19440,5,1,0.242,modellprobe
kwahl,Oktaeder,thm1,-1,6,12,4,6,12,5,0,0,0,3,720,7,7,7,14,2160,16,19440,5,1,0.243,quadratisch
kwahl,Ikosaeder,thm1,-1,12,30,5,12,30,5,0,0,1,2880,2880,7,7,7,44,8640,25945,155520,11,1,1.411,papier
kwahl,Ikosaeder,thm1,-1,12,30,5,12,30,5,0,0,1,3,2880,7,7,7,52,8640,68,155520,11,1,1.383,minimal
kwahl,Ikosaeder,thm1,-1,12,30,5,12,30,5,0,0,1,2879,2880,7,7,7,44,8640,25936,155520,11,1,1.454,modellprobe
kwahl,Ikosaeder,thm1,-1,12,30,5,12,30,5,0,0,1,3,2880,7,7,7,52,8640,68,155520,11,1,1.389,quadratisch
kwahl,K4,thm1,-1,4,6,3,4,6,5,0,0,0,320,320,5,7,7,6,2160,323,19440,3,1,0.096,papier
kwahl,K4,thm1,-1,4,6,3,4,6,5,0,0,0,3,320,5,7,7,6,2160,6,19440,3,1,0.087,minimal
kwahl,K4,thm1,-1,4,6,3,4,6,5,0,0,0,319,320,5,7,7,6,2160,322,19440,3,1,0.085,modellprobe
kwahl,K4,thm1,-1,4,6,3,4,6,5,0,0,0,3,320,5,7,7,6,2160,6,19440,3,1,0.084,quadratisch
kwahl,Paper Abb. 1,thm1,-1,13,25,5,13,25,5,0,0,0,3380,3380,7,7,7,52,10140,30446,197730,11,1,1.444,papier
kwahl,Paper Abb. 1,thm1,-1,13,25,5,13,25,5,0,0,0,3,3380,7,7,7,52,10140,53,197730,11,1,1.441,minimal
kwahl,Paper Abb. 1,thm1,-1,13,25,5,13,25,5,0,0,0,3379,3380,7,7,7,52,10140,30437,197730,11,1,1.424,modellprobe
kwahl,Paper Abb. 1,thm1,-1,13,25,5,13,25,5,0,0,0,3,3380,7,7,7,52,10140,53,197730,11,1,1.432,quadratisch
kwahl,prisma n=8,thm1,-1,8,12,3,8,12,5,0,0,0,1280,1280,5,7,7,24,3840,3852,46080,5,1,0.352,papier
kwahl,prisma n=8,thm1,-1,8,12,3,8,12,5,0,0,0,3,1280,5,7,7,24,3840,21,46080,5,1,0.335,minimal
kwahl,prisma n=8,thm1,-1,8,12,3,8,12,5,0,0,0,1279,1280,5,7,7,24,3840,3849,46080,5,1,0.330,modellprobe
kwahl,prisma n=8,thm1,-1,8,12,3,8,12,5,0,0,0,4,1280,5,7,7,24,3840,24,46080,5,1,0.328,quadratisch
kwahl,antiprisma n=8,thm1,-1,8,16,4,8,16,5,0,0,0,1280,1280,7,7,7,20,3840,5130,46080,6,1,0.423,papier
kwahl,antiprisma n=8,thm1,-1,8,16,4,8,16,5,0,0,0,3,1280,7,7,7,22,3840,26,46080,6,1,0.421,minimal
kwahl,antiprisma n=8,thm1,-1,8,16,4,8,16,5,0,0,0,1279,1280,7,7,7,20,3840,5126,46080,6,1,0.414,modellprobe
kwahl,antiprisma n=8,thm1,-1,8,16,4,8,16,5,0,0,0,3,1280,7,7,7,22,3840,26,46080,6,1,0.639,quadratisch
kwahl,prisma n=16,thm1,-1,16,24,3,16,24,5,0,0,0,5120,5120,5,7,7,80,15360,35880,368640,9,1,1.875,papier
kwahl,prisma n=16,thm1,-1,16,24,3,16,24,5,0,0,0,3,5120,5,7,7,80,15360,61,368640,9,1,1.852,minimal
kwahl,prisma n=16,thm1,-1,16,24,3,16,24,5,0,0,0,5119,5120,5,7,7,80,15360,35873,368640,9,1,1.871,modellprobe
kwahl,prisma n=16,thm1,-1,16,24,3,16,24,5,0,0,0,6,5120,5,7,7,80,15360,82,368640,9,1,1.849,quadratisch
kwahl,antiprisma n=16,thm1,-1,16,32,4,16,32,5,0,0,0,5120,5120,7,7,7,72,15360,40996,368640,10,1,2.172,papier
kwahl,antiprisma n=16,thm1,-1,16,32,4,16,32,5,0,0,0,3,5120,7,7,7,82,15360,89,368640,10,1,2.151,minimal
kwahl,antiprisma n=16,thm1,-1,16,32,4,16,32,5,0,0,0,5119,5120,7,7,7,72,15360,40988,368640,10,1,2.282,modellprobe
kwahl,antiprisma n=16,thm1,-1,16,32,4,16,32,5,0,0,0,3,5120,7,7,7,82,15360,89,368640,10,1,2.147,quadratisch
kwahl,prisma n=32,thm1,-1,32,48,3,32,48,5,0,0,0,20480,20480,5,7,7,288,61440,307344,2949120,17,1,12.606,papier
kwahl,prisma n=32,thm1,-1,32,48,3,32,48,5,0,0,0,3,20480,5,7,7,288,61440,189,2949120,17,1,12.598,minimal
kwahl,prisma n=32,thm1,-1,32,48,3,32,48,5,0,0,0,20479,20480,5,7,7,288,61440,307329,2949120,17,1,12.586,modellprobe
kwahl,prisma n=32,thm1,-1,32,48,3,32,48,5,0,0,0,10,20480,5,7,7,288,61440,294,2949120,17,1,12.608,quadratisch
kwahl,antiprisma n=32,thm1,-1,32,64,4,32,64,5,0,0,0,20480,20480,7,7,7,272,61440,327816,2949120,18,1,14.078,papier
kwahl,antiprisma n=32,thm1,-1,32,64,4,32,64,5,0,0,0,3,20480,7,7,7,332,61440,325,2949120,18,1,14.231,minimal
kwahl,antiprisma n=32,thm1,-1,32,64,4,32,64,5,0,0,0,20479,20480,7,7,7,272,61440,327800,2949120,18,1,14.115,modellprobe
kwahl,antiprisma n=32,thm1,-1,32,64,4,32,64,5,0,0,0,3,20480,7,7,7,332,61440,325,2949120,18,1,14.105,quadratisch
kwahl,prisma n=64,thm1,-1,64,96,3,64,96,5,0,0,0,81920,81920,5,7,7,1088,245760,2540064,23592960,33,1,90.956,papier
kwahl,prisma n=64,thm1,-1,64,96,3,64,96,5,0,0,0,3,81920,5,7,7,1088,245760,637,23592960,33,1,90.901,minimal
kwahl,prisma n=64,thm1,-1,64,96,3,64,96,5,0,0,0,81919,81920,5,7,7,1088,245760,2540033,23592960,33,1,90.766,modellprobe
kwahl,prisma n=64,thm1,-1,64,96,3,64,96,5,0,0,0,18,81920,5,7,7,1088,245760,1102,23592960,33,1,92.077,quadratisch
kwahl,antiprisma n=64,thm1,-1,64,128,4,64,128,5,0,0,0,81920,81920,7,7,7,1056,245760,2621968,23592960,34,1,101.682,papier
kwahl,antiprisma n=64,thm1,-1,64,128,4,64,128,5,0,0,0,3,81920,7,7,7,1346,245760,1249,23592960,34,1,101.908,minimal
kwahl,antiprisma n=64,thm1,-1,64,128,4,64,128,5,0,0,0,81919,81920,7,7,7,1056,245760,2621936,23592960,34,1,101.672,modellprobe
kwahl,antiprisma n=64,thm1,-1,64,128,4,64,128,5,0,0,0,6,81920,7,7,7,1186,245760,1265,23592960,34,1,102.560,quadratisch
kwahl,prisma n=128,thm1,-1,128,192,3,128,192,5,0,0,0,327680,327680,5,7,7,4224,983040,20645952,188743680,65,1,683.146,papier
kwahl,prisma n=128,thm1,-1,128,192,3,128,192,5,0,0,0,3,327680,5,7,7,4224,983040,2301,188743680,65,1,681.141,minimal
kwahl,prisma n=128,thm1,-1,128,192,3,128,192,5,0,0,0,327679,327680,5,7,7,4224,983040,20645889,188743680,65,1,682.102,modellprobe
kwahl,prisma n=128,thm1,-1,128,192,3,128,192,5,0,0,0,34,327680,5,7,7,4224,983040,4254,188743680,65,1,681.226,quadratisch
kwahl,antiprisma n=128,thm1,-1,128,256,4,128,256,5,0,0,0,327680,327680,7,7,7,4160,983040,20973600,188743680,66,1,769.293,papier
kwahl,antiprisma n=128,thm1,-1,128,256,4,128,256,5,0,0,0,3,327680,7,7,7,5420,983040,4885,188743680,66,1,768.596,minimal
kwahl,antiprisma n=128,thm1,-1,128,256,4,128,256,5,0,0,0,327679,327680,7,7,7,4160,983040,20973536,188743680,66,1,769.092,modellprobe
kwahl,antiprisma n=128,thm1,-1,128,256,4,128,256,5,0,0,0,11,327680,7,7,7,4458,983040,4913,188743680,66,1,768.335,quadratisch
kwahl,rad m=4,thm1,-1,5,8,4,5,8,5,0,0,0,500,500,6,7,7,12,2160,1006,19440,4,1,0.185,papier
kwahl,rad m=4,thm1,-1,5,8,4,5,8,5,0,0,0,3,500,6,7,7,12,2160,12,19440,4,1,0.158,minimal
kwahl,rad m=4,thm1,-1,5,8,4,5,8,5,0,0,0,499,500,6,7,7,12,2160,1004,19440,4,1,0.150,modellprobe
kwahl,rad m=4,thm1,-1,5,8,4,5,8,5,0,0,0,3,500,6,7,7,12,2160,12,19440,4,1,0.147,quadratisch
kwahl,doppelrad m=4,thm1,-1,6,12,4,6,12,5,0,0,0,720,720,7,7,7,14,2160,2167,19440,5,1,0.260,papier
kwahl,doppelrad m=4,thm1,-1,6,12,4,6,12,5,0,0,0,3,720,7,7,7,14,2160,16,19440,5,1,0.247,minimal
kwahl,doppelrad m=4,thm1,-1,6,12,4,6,12,5,0,0,0,719,720,7,7,7,14,2160,2164,19440,5,1,0.244,modellprobe
kwahl,doppelrad m=4,thm1,-1,6,12,4,6,12,5,0,0,0,3,720,7,7,7,14,2160,16,19440,5,1,0.243,quadratisch
kwahl,rad m=8,thm1,-1,9,16,8,9,16,8,0,0,0,2592,2592,9,16,16,70,7776,15566,104976,8,1,0.637,papier
kwahl,rad m=8,thm1,-1,9,16,8,9,16,8,0,0,0,6,2592,9,16,16,70,7776,50,104976,8,1,0.610,minimal
kwahl,rad m=8,thm1,-1,9,16,8,9,16,8,0,0,0,2591,2592,9,16,16,70,7776,15560,104976,8,1,0.837,modellprobe
kwahl,rad m=8,thm1,-1,9,16,8,9,16,8,0,0,0,9,2592,9,16,16,70,7776,68,104976,8,1,0.639,quadratisch
kwahl,doppelrad m=8,thm1,-1,10,24,8,10,24,8,0,0,0,3200,3200,13,16,16,55,9600,22411,144000,9,1,0.824,papier
kwahl,doppelrad m=8,thm1,-1,10,24,8,10,24,8,0,0,0,6,3200,13,16,16,55,9600,53,144000,9,1,0.802,minimal
kwahl,doppelrad m=8,thm1,-1,10,24,8,10,24,8,0,0,0,3199,3200,13,16,16,55,9600,22404,144000,9,1,0.798,modellprobe
kwahl,doppelrad m=8,thm1,-1,10,24,8,10,24,8,0,0,0,6,3200,13,16,16,55,9600,53,144000,9,1,0.807,quadratisch
kwahl,rad m=12,thm1,-1,13,24,12,13,24,12,0,0,0,8112,8112,13,28,28,198,24336,81142,474552,12,1,1.579,papier
kwahl,rad m=12,thm1,-1,13,24,12,13,24,12,0,0,0,10,8112,13,28,28,198,24336,122,474552,12,1,1.552,minimal
kwahl,rad m=12,thm1,-1,13,24,12,13,24,12,0,0,0,8111,8112,13,28,28,198,24336,81132,474552,12,1,1.570,modellprobe
kwahl,rad m=12,thm1,-1,13,24,12,13,24,12,0,0,0,18,8112,13,28,28,198,24336,202,474552,12,1,1.558,quadratisch
kwahl,doppelrad m=12,thm1,-1,14,36,12,14,36,12,0,0,0,9408,9408,21,28,28,153,28224,103505,592704,13,1,2.044,papier
kwahl,doppelrad m=12,thm1,-1,14,36,12,14,36,12,0,0,0,10,9408,21,28,28,153,28224,127,592704,13,1,1.912,minimal
kwahl,doppelrad m=12,thm1,-1,14,36,12,14,36,12,0,0,0,9407,9408,21,28,28,153,28224,103494,592704,13,1,1.879,modellprobe
kwahl,doppelrad m=12,thm1,-1,14,36,12,14,36,12,0,0,0,12,9408,21,28,28,153,28224,149,592704,13,1,1.902,quadratisch
kwahl,rad m=16,thm1,-1,17,32,16,17,32,16,0,0,0,18496,18496,17,40,40,390,55488,258974,1414944,16,1,3.141,papier
kwahl,rad m=16,thm1,-1,17,32,16,17,32,16,0,0,0,14,18496,17,40,40,390,55488,226,1414944,16,1,3.275,minimal
kwahl,rad m=16,thm1,-1,17,32,16,17,32,16,0,0,0,18495,18496,17,40,40,390,55488,258960,1414944,16,1,3.115,modellprobe
kwahl,rad m=16,thm1,-1,17,32,16,17,32,16,0,0,0,26,18496,17,40,40,390,55488,394,1414944,16,1,3.105,quadratisch
kwahl,doppelrad m=16,thm1,-1,18,48,16,18,48,16,0,0,0,20736,20736,29,40,40,299,62208,311063,1679616,17,1,3.622,papier
kwahl,doppelrad m=16,thm1,-1,18,48,16,18,48,16,0,0,0,14,20736,29,40,40,299,62208,233,1679616,17,1,3.814,minimal
kwahl,doppelrad m=16,thm1,-1,18,48,16,18,48,16,0,0,0,20735,20736,29,40,40,299,62208,311048,1679616,17,1,3.596,modellprobe
kwahl,doppelrad m=16,thm1,-1,18,48,16,18,48,16,0,0,0,18,20736,29,40,40,299,62208,293,1679616,17,1,3.569,quadratisch
kwahl,rad m=20,thm1,-1,21,40,20,21,40,20,0,0,0,35280,35280,21,52,52,646,105840,635078,3333960,20,1,5.676,papier
kwahl,rad m=20,thm1,-1,21,40,20,21,40,20,0,0,0,18,35280,21,52,52,646,105840,362,3333960,20,1,5.504,minimal
kwahl,rad m=20,thm1,-1,21,40,20,21,40,20,0,0,0,35279,35280,21,52,52,646,105840,635060,3333960,20,1,5.778,modellprobe
kwahl,rad m=20,thm1,-1,21,40,20,21,40,20,0,0,0,34,35280,21,52,52,646,105840,650,3333960,20,1,5.489,quadratisch
kwahl,doppelrad m=20,thm1,-1,22,60,20,22,60,20,0,0,0,38720,38720,37,52,52,493,116160,735709,3833280,21,1,6.147,papier
kwahl,doppelrad m=20,thm1,-1,22,60,20,22,60,20,0,0,0,18,38720,37,52,52,493,116160,371,3833280,21,1,6.099,minimal
kwahl,doppelrad m=20,thm1,-1,22,60,20,22,60,20,0,0,0,38719,38720,37,52,52,493,116160,735690,3833280,21,1,6.099,modellprobe
kwahl,doppelrad m=20,thm1,-1,22,60,20,22,60,20,0,0,0,24,38720,37,52,52,493,116160,485,3833280,21,1,6.075,quadratisch
kwahl,rad m=24,thm1,-1,25,48,24,25,48,24,0,0,0,60000,60000,25,64,64,966,180000,1320046,6750000,24,1,8.925,papier
kwahl,rad m=24,thm1,-1,25,48,24,25,48,24,0,0,0,22,60000,25,64,64,966,180000,530,6750000,24,1,8.752,minimal
kwahl,rad m=24,thm1,-1,25,48,24,25,48,24,0,0,0,59999,60000,25,64,64,966,180000,1320024,6750000,24,1,8.901,modellprobe
kwahl,rad m=24,thm1,-1,25,48,24,25,48,24,0,0,0,42,60000,25,64,64,966,180000,970,6750000,24,1,8.966,quadratisch
kwahl,doppelrad m=24,thm1,-1,26,72,24,26,72,24,0,0,0,64896,64896,45,64,64,735,194688,1492643,7592832,25,1,9.753,papier
kwahl,doppelrad m=24,thm1,-1,26,72,24,26,72,24,0,0,0,22,64896,45,64,64,735,194688,541,7592832,25,1,9.526,minimal
kwahl,doppelrad m=24,thm1,-1,26,72,24,26,72,24,0,0,0,64895,64896,45,64,64,735,194688,1492620,7592832,25,1,9.696,modellprobe
kwahl,doppelrad m=24,thm1,-1,26,72,24,26,72,24,0,0,0,30,64896,45,64,64,735,194688,725,7592832,25,1,9.776,quadratisch
kwahl,rad m=28,thm1,-1,29,56,28,29,56,28,0,0,0,94192,94192,29,76,76,1350,282576,2449046,12292056,28,1,13.440,papier
kwahl,rad m=28,thm1,-1,29,56,28,29,56,28,0,0,0,26,94192,29,76,76,1350,282576,730,12292056,28,1,13.349,minimal
kwahl,rad m=28,thm1,-1,29,56,28,29,56,28,0,0,0,94191,94192,29,76,76,1350,282576,2449020,12292056,28,1,13.310,modellprobe
kwahl,rad m=28,thm1,-1,29,56,28,29,56,28,0,0,0,50,94192,29,76,76,1350,282576,1354,12292056,28,1,13.310,quadratisch
kwahl,doppelrad m=28,thm1,-1,30,84,28,30,84,28,0,0,0,100800,100800,53,76,76,1025,302400,2721641,13608000,29,1,14.325,papier
kwahl,doppelrad m=28,thm1,-1,30,84,28,30,84,28,0,0,0,26,100800,53,76,76,1025,302400,743,13608000,29,1,14.349,minimal
kwahl,doppelrad m=28,thm1,-1,30,84,28,30,84,28,0,0,0,100799,100800,53,76,76,1025,302400,2721614,13608000,29,1,14.286,modellprobe
kwahl,doppelrad m=28,thm1,-1,30,84,28,30,84,28,0,0,0,36,100800,53,76,76,1025,302400,1013,13608000,29,1,14.520,quadratisch
kwahl,rad m=32,thm1,-1,33,64,32,33,64,32,0,0,0,139392,139392,33,88,88,1798,418176,4181822,20699712,32,1,18.970,papier
kwahl,rad m=32,thm1,-1,33,64,32,33,64,32,0,0,0,30,139392,33,88,88,1798,418176,962,20699712,32,1,19.202,minimal
kwahl,rad m=32,thm1,-1,33,64,32,33,64,32,0,0,0,139391,139392,33,88,88,1798,418176,4181792,20699712,32,1,18.997,modellprobe
kwahl,rad m=32,thm1,-1,33,64,32,33,64,32,0,0,0,58,139392,33,88,88,1798,418176,1802,20699712,32,1,19.071,quadratisch
kwahl,doppelrad m=32,thm1,-1,34,96,32,34,96,32,0,0,0,147968,147968,61,88,88,1363,443904,4587055,22639104,33,1,20.252,papier
kwahl,doppelrad m=32,thm1,-1,34,96,32,34,96,32,0,0,0,30,147968,61,88,88,1363,443904,977,22639104,33,1,20.506,minimal
kwahl,doppelrad m=32,thm1,-1,34,96,32,34,96,32,0,0,0,147967,147968,61,88,88,1363,443904,4587024,22639104,33,1,20.228,modellprobe
kwahl,doppelrad m=32,thm1,-1,34,96,32,34,96,32,0,0,0,42,147968,61,88,88,1363,443904,1349,22639104,33,1,20.379,quadratisch
kwahl,triangulierung n=8 s=7800,thm1,-1,8,18,7,8,18,7,0,0,0,1792,1792,10,13,13,32,5376,8968,64512,7,1,0.495,papier
kwahl,triangulierung n=8 s=7800,thm1,-1,8,18,7,8,18,7,0,0,0,5,1792,10,13,13,32,5376,33,64512,7,1,0.470,minimal
kwahl,triangulierung n=8 s=7800,thm1,-1,8,18,7,8,18,7,0,0,0,1791,1792,10,13,13,32,5376,8963,64512,7,1,0.464,modellprobe
kwahl,triangulierung n=8 s=7800,thm1,-1,8,18,7,8,18,7,0,0,0,5,1792,10,13,13,32,5376,33,64512,7,1,0.460,quadratisch
kwahl,random n=8 m=16 s=7800,thm1,-1,8,16,5,8,17,6,1,0,0,1536,1536,9,10,24,27,4608,7689,55296,7,1,0.516,papier
kwahl,random n=8 m=16 s=7800,thm1,-1,8,16,5,8,17,6,1,0,0,4,1536,9,10,24,27,4608,29,55296,7,1,0.510,minimal
kwahl,random n=8 m=16 s=7800,thm1,-1,8,16,5,8,17,6,1,0,0,1535,1536,9,10,24,27,4608,7684,55296,7,1,0.514,modellprobe
kwahl,random n=8 m=16 s=7800,thm1,-1,8,16,5,8,17,6,1,0,0,4,1536,9,10,24,27,4608,29,55296,7,1,0.511,quadratisch
kwahl,triangulierung n=8 s=7801,thm1,-1,8,18,7,8,18,7,0,0,0,1792,1792,11,13,13,28,5376,8967,64512,7,1,0.477,papier
kwahl,triangulierung n=8 s=7801,thm1,-1,8,18,7,8,18,7,0,0,0,5,1792,11,13,13,28,5376,32,64512,7,1,0.469,minimal
kwahl,triangulierung n=8 s=7801,thm1,-1,8,18,7,8,18,7,0,0,0,1791,1792,11,13,13,28,5376,8962,64512,7,1,0.466,modellprobe
kwahl,triangulierung n=8 s=7801,thm1,-1,8,18,7,8,18,7,0,0,0,5,1792,11,13,13,28,5376,32,64512,7,1,0.464,quadratisch
kwahl,random n=8 m=16 s=7801,thm1,-1,8,16,6,8,18,7,1,0,0,1792,1792,10,13,28,28,5376,8967,64512,7,1,0.757,papier
kwahl,random n=8 m=16 s=7801,thm1,-1,8,16,6,8,18,7,1,0,0,5,1792,10,13,28,28,5376,32,64512,7,1,0.550,minimal
kwahl,random n=8 m=16 s=7801,thm1,-1,8,16,6,8,18,7,1,0,0,1791,1792,10,13,28,28,5376,8962,64512,7,1,0.529,modellprobe
kwahl,random n=8 m=16 s=7801,thm1,-1,8,16,6,8,18,7,1,0,0,5,1792,10,13,28,28,5376,32,64512,7,1,0.525,quadratisch
kwahl,triangulierung n=8 s=7802,thm1,-1,8,18,6,8,18,6,0,0,0,1536,1536,10,10,10,30,4608,7690,55296,7,1,0.491,papier
kwahl,triangulierung n=8 s=7802,thm1,-1,8,18,6,8,18,6,0,0,0,4,1536,10,10,10,36,4608,36,55296,7,1,0.482,minimal
kwahl,triangulierung n=8 s=7802,thm1,-1,8,18,6,8,18,6,0,0,0,1535,1536,10,10,10,30,4608,7685,55296,7,1,0.478,modellprobe
kwahl,triangulierung n=8 s=7802,thm1,-1,8,18,6,8,18,6,0,0,0,4,1536,10,10,10,36,4608,36,55296,7,1,0.476,quadratisch
kwahl,random n=8 m=16 s=7802,thm1,-1,8,16,6,8,16,6,0,0,0,1536,1536,9,10,10,36,4608,7692,55296,7,1,0.476,papier
kwahl,random n=8 m=16 s=7802,thm1,-1,8,16,6,8,16,6,0,0,0,4,1536,9,10,10,36,4608,32,55296,7,1,0.465,minimal
kwahl,random n=8 m=16 s=7802,thm1,-1,8,16,6,8,16,6,0,0,0,1535,1536,9,10,10,36,4608,7687,55296,7,1,0.462,modellprobe
kwahl,random n=8 m=16 s=7802,thm1,-1,8,16,6,8,16,6,0,0,0,5,1536,9,10,10,36,4608,37,55296,7,1,0.459,quadratisch
kwahl,triangulierung n=8 s=7803,thm1,-1,8,18,7,8,18,7,0,0,0,1792,1792,10,13,13,32,5376,8968,64512,7,1,0.473,papier
kwahl,triangulierung n=8 s=7803,thm1,-1,8,18,7,8,18,7,0,0,0,5,1792,10,13,13,32,5376,33,64512,7,1,0.462,minimal
kwahl,triangulierung n=8 s=7803,thm1,-1,8,18,7,8,18,7,0,0,0,1791,1792,10,13,13,32,5376,8963,64512,7,1,0.461,modellprobe
kwahl,triangulierung n=8 s=7803,thm1,-1,8,18,7,8,18,7,0,0,0,5,1792,10,13,13,32,5376,33,64512,7,1,0.458,quadratisch
kwahl,random n=8 m=16 s=7803,thm1,-1,8,16,6,8,17,6,1,0,0,1536,1536,9,10,28,24,4608,7688,55296,7,1,0.493,papier
kwahl,random n=8 m=16 s=7803,thm1,-1,8,16,6,8,17,6,1,0,0,4,1536,9,10,28,24,4608,28,55296,7,1,0.487,minimal
kwahl,random n=8 m=16 s=7803,thm1,-1,8,16,6,8,17,6,1,0,0,1535,1536,9,10,28,24,4608,7683,55296,7,1,0.480,modellprobe
kwahl,random n=8 m=16 s=7803,thm1,-1,8,16,6,8,17,6,1,0,0,4,1536,9,10,28,24,4608,28,55296,7,1,0.480,quadratisch
kwahl,triangulierung n=8 s=7804,thm1,-1,8,18,7,8,18,7,0,0,0,1792,1792,11,13,13,36,5376,8969,64512,7,1,0.488,papier
kwahl,triangulierung n=8 s=7804,thm1,-1,8,18,7,8,18,7,0,0,0,5,1792,11,13,13,36,5376,34,64512,7,1,0.484,minimal
kwahl,triangulierung n=8 s=7804,thm1,-1,8,18,7,8,18,7,0,0,0,1791,1792,11,13,13,36,5376,8964,64512,7,1,0.475,modellprobe
kwahl,triangulierung n=8 s=7804,thm1,-1,8,18,7,8,18,7,0,0,0,5,1792,11,13,13,36,5376,34,64512,7,1,0.661,quadratisch
kwahl,random n=8 m=16 s=7804,thm1,-1,8,16,6,8,18,7,1,0,0,1792,1792,9,13,28,28,5376,8967,64512,7,1,0.553,papier
kwahl,random n=8 m=16 s=7804,thm1,-1,8,16,6,8,18,7,1,0,0,5,1792,9,13,28,28,5376,32,64512,7,1,0.532,minimal
kwahl,random n=8 m=16 s=7804,thm1,-1,8,16,6,8,18,7,1,0,0,1791,1792,9,13,28,28,5376,8962,64512,7,1,0.522,modellprobe
kwahl,random n=8 m=16 s=7804,thm1,-1,8,16,6,8,18,7,1,0,0,5,1792,9,13,28,28,5376,32,64512,7,1,0.519,quadratisch
kwahl,triangulierung n=16 s=8600,thm1,-1,16,42,10,16,42,10,0,0,0,10240,10240,20,22,22,294,30720,133162,737280,15,1,3.033,papier
kwahl,triangulierung n=16 s=8600,thm1,-1,16,42,10,16,42,10,0,0,0,8,10240,20,22,22,343,30720,233,737280,15,1,3.033,minimal
kwahl,triangulierung n=16 s=8600,thm1,-1,16,42,10,16,42,10,0,0,0,10239,10240,20,22,22,294,30720,133149,737280,15,1,3.016,modellprobe
kwahl,triangulierung n=16 s=8600,thm1,-1,16,42,10,16,42,10,0,0,0,16,10240,20,22,22,315,30720,333,737280,15,1,3.193,quadratisch
kwahl,random n=16 m=32 s=8600,thm1,-1,16,32,7,16,35,7,1,0,0,7168,7168,10,13,33,108,21504,86043,516096,14,1,2.800,papier
kwahl,random n=16 m=32 s=8600,thm1,-1,16,32,7,16,35,7,1,0,0,5,7168,10,13,33,108,21504,87,516096,14,1,2.768,minimal
kwahl,random n=16 m=32 s=8600,thm1,-1,16,32,7,16,35,7,1,0,0,7167,7168,10,13,33,108,21504,86031,516096,14,1,2.772,modellprobe
kwahl,random n=16 m=32 s=8600,thm1,-1,16,32,7,16,35,7,1,0,0,7,7168,10,13,33,108,21504,111,516096,14,1,2.984,quadratisch
kwahl,triangulierung n=16 s=8601,thm1,-1,16,42,13,16,42,13,0,0,0,13312,13312,22,31,31,640,39936,173120,958464,15,1,3.097,papier
kwahl,triangulierung n=16 s=8601,thm1,-1,16,42,13,16,42,13,0,0,0,11,13312,22,31,31,810,39936,367,958464,15,1,3.090,minimal
kwahl,triangulierung n=16 s=8601,thm1,-1,16,42,13,16,42,13,0,0,0,13311,13312,22,31,31,640,39936,173107,958464,15,1,3.105,modellprobe
kwahl,triangulierung n=16 s=8601,thm1,-1,16,42,13,16,42,13,0,0,0,45,13312,22,31,31,680,39936,788,958464,15,1,3.293,quadratisch
kwahl,random n=16 m=32 s=8601,thm1,-1,16,32,11,16,38,12,1,0,0,12288,12288,17,28,51,171,36864,147475,884736,14,1,2.977,papier
kwahl,random n=16 m=32 s=8601,thm1,-1,16,32,11,16,38,12,1,0,0,10,12288,17,28,51,171,36864,139,884736,14,1,2.903,minimal
kwahl,random n=16 m=32 s=8601,thm1,-1,16,32,11,16,38,12,1,0,0,12287,12288,17,28,51,171,36864,147463,884736,14,1,2.931,modellprobe
kwahl,random n=16 m=32 s=8601,thm1,-1,16,32,11,16,38,12,1,0,0,13,12288,17,28,51,171,36864,175,884736,14,1,3.139,quadratisch
kwahl,triangulierung n=16 s=8602,thm1,-1,16,42,12,16,42,12,0,0,0,12288,12288,18,28,28,297,36864,159777,884736,15,1,2.958,papier
kwahl,triangulierung n=16 s=8602,thm1,-1,16,42,12,16,42,12,0,0,0,10,12288,18,28,28,324,36864,186,884736,15,1,2.947,minimal
kwahl,triangulierung n=16 s=8602,thm1,-1,16,42,12,16,42,12,0,0,0,12287,12288,18,28,28,297,36864,159764,884736,15,1,2.969,modellprobe
kwahl,triangulierung n=16 s=8602,thm1,-1,16,42,12,16,42,12,0,0,0,21,12288,18,28,28,315,36864,329,884736,15,1,3.123,quadratisch
kwahl,random n=16 m=32 s=8602,thm1,-1,16,32,8,16,34,8,1,0,0,8192,8192,12,16,37,145,24576,90141,589824,13,1,2.679,papier
kwahl,random n=16 m=32 s=8602,thm1,-1,16,32,8,16,34,8,1,0,0,6,8192,12,16,37,155,24576,103,589824,13,1,2.660,minimal
kwahl,random n=16 m=32 s=8602,thm1,-1,16,32,8,16,34,8,1,0,0,8191,8192,12,16,37,145,24576,90130,589824,13,1,2.685,modellprobe
kwahl,random n=16 m=32 s=8602,thm1,-1,16,32,8,16,34,8,1,0,0,11,8192,12,16,37,145,24576,150,589824,13,1,2.838,quadratisch
kwahl,triangulierung n=16 s=8603,thm1,-1,16,42,11,16,42,11,0,0,0,11264,11264,21,25,25,272,33792,146466,811008,15,1,2.914,papier
kwahl,triangulierung n=16 s=8603,thm1,-1,16,42,11,16,42,11,0,0,0,9,11264,21,25,25,320,33792,193,811008,15,1,2.909,minimal
kwahl,triangulierung n=16 s=8603,thm1,-1,16,42,11,16,42,11,0,0,0,11263,11264,21,25,25,272,33792,146453,811008,15,1,2.921,modellprobe
kwahl,triangulierung n=16 s=8603,thm1,-1,16,42,11,16,42,11,0,0,0,19,11264,21,25,25,272,33792,281,811008,15,1,2.940,quadratisch
kwahl,random n=16 m=32 s=8603,thm1,-1,16,32,8,16,38,10,1,0,0,10240,10240,17,22,37,343,30720,112689,737280,13,1,2.917,papier
kwahl,random n=16 m=32 s=8603,thm1,-1,16,32,8,16,38,10,1,0,0,8,10240,17,22,37,455,30720,209,737280,13,1,2.911,minimal
kwahl,random n=16 m=32 s=8603,thm1,-1,16,32,8,16,38,10,1,0,0,10239,10240,17,22,37,343,30720,112678,737280,13,1,2.877,modellprobe
kwahl,random n=16 m=32 s=8603,thm1,-1,16,32,8,16,38,10,1,0,0,30,10240,17,22,37,371,30720,443,737280,13,1,2.896,quadratisch
kwahl,triangulierung n=16 s=8604,thm1,-1,16,42,11,16,42,11,0,0,0,11264,11264,18,25,25,320,33792,146472,811008,15,1,3.146,papier
kwahl,triangulierung n=16 s=8604,thm1,-1,16,42,11,16,42,11,0,0,0,9,11264,18,25,25,440,33792,271,811008,15,1,3.009,minimal
kwahl,triangulierung n=16 s=8604,thm1,-1,16,42,11,16,42,11,0,0,0,11263,11264,18,25,25,320,33792,146459,811008,15,1,2.957,modellprobe
kwahl,triangulierung n=16 s=8604,thm1,-1,16,42,11,16,42,11,0,0,0,22,11264,18,25,25,344,33792,395,811008,15,1,2.986,quadratisch
kwahl,random n=16 m=32 s=8604,thm1,-1,16,32,10,16,34,10,1,0,0,10240,10240,12,22,46,364,30720,122932,737280,14,1,3.090,papier
kwahl,random n=16 m=32 s=8604,thm1,-1,16,32,10,16,34,10,1,0,0,8,10240,12,22,46,364,30720,148,737280,14,1,2.887,minimal
kwahl,random n=16 m=32 s=8604,thm1,-1,16,32,10,16,34,10,1,0,0,10239,10240,12,22,46,364,30720,122920,737280,14,1,2.860,modellprobe
kwahl,random n=16 m=32 s=8604,thm1,-1,16,32,10,16,34,10,1,0,0,26,10240,12,22,46,364,30720,364,737280,14,1,2.898,quadratisch
kwahl,triangulierung n=32 s=10200,thm1,-1,32,90,22,32,90,22,0,0,0,90112,90112,36,58,58,1539,270336,2613329,12976128,31,1,19.710,papier
kwahl,triangulierung n=32 s=10200,thm1,-1,32,90,22,32,90,22,0,0,0,20,90112,36,58,58,1577,270336,723,12976128,31,1,19.436,minimal
kwahl,triangulierung n=32 s=10200,thm1,-1,32,90,22,32,90,22,0,0,0,90111,90112,36,58,58,1539,270336,2613300,12976128,31,1,19.445,modellprobe
kwahl,triangulierung n=32 s=10200,thm1,-1,32,90,22,32,90,22,0,0,0,49,90112,36,58,58,1539,270336,1502,12976128,31,1,19.669,quadratisch
kwahl,random n=32 m=64 s=10200,thm1,-1,32,64,14,32,73,14,1,0,0,57344,57344,20,34,64,1012,172032,1548380,8257536,29,1,17.015,papier
kwahl,random n=32 m=64 s=10200,thm1,-1,32,64,14,32,73,14,1,0,0,12,57344,20,34,64,1155,172032,501,8257536,29,1,17.058,minimal
kwahl,random n=32 m=64 s=10200,thm1,-1,32,64,14,32,73,14,1,0,0,57343,57344,20,34,64,1012,172032,1548353,8257536,29,1,17.219,modellprobe
kwahl,random n=32 m=64 s=10200,thm1,-1,32,64,14,32,73,14,1,0,0,36,57344,20,34,64,1034,172032,1102,8257536,29,1,17.178,quadratisch
kwahl,triangulierung n=32 s=10201,thm1,-1,32,90,19,32,90,19,0,0,0,77824,77824,29,49,49,1296,233472,2256977,11206656,31,1,19.737,papier
kwahl,triangulierung n=32 s=10201,thm1,-1,32,90,19,32,90,19,0,0,0,17,77824,29,49,49,1488,233472,841,11206656,31,1,19.697,minimal
kwahl,triangulierung n=32 s=10201,thm1,-1,32,90,19,32,90,19,0,0,0,77823,77824,29,49,49,1296,233472,2256948,11206656,31,1,19.925,modellprobe
kwahl,triangulierung n=32 s=10201,thm1,-1,32,90,19,32,90,19,0,0,0,39,77824,29,49,49,1360,233472,1450,11206656,31,1,19.724,quadratisch
kwahl,random n=32 m=64 s=10201,thm1,-1,32,64,13,32,75,13,1,0,0,53248,53248,20,31,60,620,159744,1384510,7667712,28,1,18.344,papier
kwahl,random n=32 m=64 s=10201,thm1,-1,32,64,13,32,75,13,1,0,0,11,53248,20,31,60,700,159744,422,7667712,28,1,18.342,minimal
kwahl,random n=32 m=64 s=10201,thm1,-1,32,64,13,32,75,13,1,0,0,53247,53248,20,31,60,620,159744,1384484,7667712,28,1,18.043,modellprobe
kwahl,random n=32 m=64 s=10201,thm1,-1,32,64,13,32,75,13,1,0,0,22,53248,20,31,60,660,159744,704,7667712,28,1,18.333,quadratisch
kwahl,triangulierung n=32 s=10202,thm1,-1,32,90,17,32,90,17,0,0,0,69632,69632,35,43,43,1596,208896,2019442,10027008,31,1,19.955,papier
kwahl,triangulierung n=32 s=10202,thm1,-1,32,90,17,32,90,17,0,0,0,15,69632,35,43,43,1946,208896,844,10027008,31,1,20.117,minimal
kwahl,triangulierung n=32 s=10202,thm1,-1,32,90,17,32,90,17,0,0,0,69631,69632,35,43,43,1596,208896,2019413,10027008,31,1,20.109,modellprobe
kwahl,triangulierung n=32 s=10202,thm1,-1,32,90,17,32,90,17,0,0,0,53,69632,35,43,43,1666,208896,1868,10027008,31,1,19.828,quadratisch
kwahl,random n=32 m=64 s=10202,thm1,-1,32,64,13,32,78,13,1,0,0,53248,53248,25,31,60,1110,159744,1384559,7667712,28,1,19.880,papier
kwahl,random n=32 m=64 s=10202,thm1,-1,32,64,13,32,78,13,1,0,0,11,53248,25,31,60,1420,159744,615,7667712,28,1,19.749,minimal
kwahl,random n=32 m=64 s=10202,thm1,-1,32,64,13,32,78,13,1,0,0,53247,53248,25,31,60,1110,159744,1384533,7667712,28,1,19.978,modellprobe
kwahl,random n=32 m=64 s=10202,thm1,-1,32,64,13,32,78,13,1,0,0,42,53248,25,31,60,1170,159744,1377,7667712,28,1,19.710,quadratisch
kwahl,triangulierung n=32 s=10203,thm1,-1,32,90,18,32,90,18,0,0,0,73728,73728,37,46,46,1590,221184,2138218,10616832,31,1,20.037,papier
kwahl,triangulierung n=32 s=10203,thm1,-1,32,90,18,32,90,18,0,0,0,16,73728,37,46,46,2010,221184,1110,10616832,31,1,20.011,minimal
kwahl,triangulierung n=32 s=10203,thm1,-1,32,90,18,32,90,18,0,0,0,73727,73728,37,46,46,1590,221184,2138189,10616832,31,1,19.764,modellprobe
kwahl,triangulierung n=32 s=10203,thm1,-1,32,90,18,32,90,18,0,0,0,47,73728,37,46,46,1695,221184,1946,10616832,31,1,20.055,quadratisch
kwahl,random n=32 m=64 s=10203,thm1,-1,32,64,14,32,75,14,1,0,0,57344,57344,23,34,64,836,172032,1318988,8257536,25,1,17.562,papier
kwahl,random n=32 m=64 s=10203,thm1,-1,32,64,14,32,75,14,1,0,0,12,57344,23,34,64,946,172032,482,8257536,25,1,17.585,minimal
kwahl,random n=32 m=64 s=10203,thm1,-1,32,64,14,32,75,14,1,0,0,57343,57344,23,34,64,836,172032,1318965,8257536,25,1,17.734,modellprobe
kwahl,random n=32 m=64 s=10203,thm1,-1,32,64,14,32,75,14,1,0,0,32,57344,23,34,64,869,172032,943,8257536,25,1,17.541,quadratisch
kwahl,triangulierung n=32 s=10204,thm1,-1,32,90,15,32,90,15,0,0,0,61440,61440,28,37,37,1092,184320,1781851,8847360,31,1,19.290,papier
kwahl,triangulierung n=32 s=10204,thm1,-1,32,90,15,32,90,15,0,0,0,13,61440,28,37,37,1212,184320,699,8847360,31,1,19.291,minimal
kwahl,triangulierung n=32 s=10204,thm1,-1,32,90,15,32,90,15,0,0,0,61439,61440,28,37,37,1092,184320,1781822,8847360,31,1,19.419,modellprobe
kwahl,triangulierung n=32 s=10204,thm1,-1,32,90,15,32,90,15,0,0,0,31,61440,28,37,37,1092,184320,1145,8847360,31,1,19.139,quadratisch
kwahl,random n=32 m=64 s=10204,thm1,-1,32,64,10,32,77,11,1,0,0,45056,45056,21,25,46,688,135168,1126486,6488064,27,1,17.890,papier
kwahl,random n=32 m=64 s=10204,thm1,-1,32,64,10,32,77,11,1,0,0,9,45056,21,25,46,880,135168,479,6488064,27,1,17.799,minimal
kwahl,random n=32 m=64 s=10204,thm1,-1,32,64,10,32,77,11,1,0,0,45055,45056,21,25,46,688,135168,1126461,6488064,27,1,17.686,modellprobe
kwahl,random n=32 m=64 s=10204,thm1,-1,32,64,10,32,77,11,1,0,0,25,45056,21,25,46,728,135168,816,6488064,27,1,17.978,quadratisch
kwahl,triangulierung n=64 s=13400,thm1,-1,64,186,31,64,186,31,0,0,0,507904,507904,51,85,85,5712,1523712,30982348,146276352,63,1,145.011,papier
kwahl,triangulierung n=64 s=13400,thm1,-1,64,186,31,64,186,31,0,0,0,29,507904,51,85,85,6328,1523712,2749,146276352,63,1,145.057,minimal
kwahl,triangulierung n=64 s=13400,thm1,-1,64,186,31,64,186,31,0,0,0,507903,507904,51,85,85,5712,1523712,30982287,146276352,63,1,145.398,modellprobe
kwahl,triangulierung n=64 s=13400,thm1,-1,64,186,31,64,186,31,0,0,0,88,507904,51,85,85,5852,1523712,6193,146276352,63,1,145.351,quadratisch
kwahl,random n=64 m=128 s=13400,thm1,-1,64,128,20,64,153,21,1,0,0,344064,344064,33,55,91,8388,1032192,18923986,99090432,57,1,131.383,papier
kwahl,random n=64 m=128 s=13400,thm1,-1,64,128,20,64,153,21,1,0,0,19,344064,33,55,91,12114,1032192,3257,99090432,57,1,131.613,minimal
kwahl,random n=64 m=128 s=13400,thm1,-1,64,128,20,64,153,21,1,0,0,344063,344064,33,55,91,8388,1032192,18923931,99090432,57,1,132.111,modellprobe
kwahl,random n=64 m=128 s=13400,thm1,-1,64,128,20,64,153,21,1,0,0,180,344064,33,55,91,8766,1032192,11827,99090432,57,1,131.541,quadratisch
kwahl,triangulierung n=64 s=13401,thm1,-1,64,186,23,64,186,23,0,0,0,376832,376832,39,61,61,7380,1130496,22987121,108527616,63,1,147.706,papier
kwahl,triangulierung n=64 s=13401,thm1,-1,64,186,23,64,186,23,0,0,0,21,376832,39,61,61,13140,1130496,5634,108527616,63,1,148.228,minimal
kwahl,triangulierung n=64 s=13401,thm1,-1,64,186,23,64,186,23,0,0,0,376831,376832,39,61,61,7380,1130496,22987060,108527616,63,1,148.009,modellprobe
kwahl,triangulierung n=64 s=13401,thm1,-1,64,186,23,64,186,23,0,0,0,144,376832,39,61,61,8040,1130496,12210,108527616,63,1,148.266,quadratisch
kwahl,random n=64 m=128 s=13401,thm1,-1,64,128,15,64,153,15,1,0,0,245760,245760,27,37,69,3828,737280,12534079,70778880,53,1,122.106,papier
kwahl,random n=64 m=128 s=13401,thm1,-1,64,128,15,64,153,15,1,0,0,13,245760,27,37,69,5316,737280,1639,70778880,53,1,120.371,minimal
kwahl,random n=64 m=128 s=13401,thm1,-1,64,128,15,64,153,15,1,0,0,245759,245760,27,37,69,3828,737280,12534028,70778880,53,1,120.750,modellprobe
kwahl,random n=64 m=128 s=13401,thm1,-1,64,128,15,64,153,15,1,0,0,85,245760,27,37,69,4008,737280,5094,70778880,53,1,120.693,quadratisch
kwahl,triangulierung n=64 s=13402,thm1,-1,64,186,25,64,186,25,0,0,0,409600,409600,46,67,67,4598,1228800,24985809,117964800,63,1,144.283,papier
kwahl,triangulierung n=64 s=13402,thm1,-1,64,186,25,64,186,25,0,0,0,23,409600,46,67,67,6160,1228800,2833,117964800,63,1,143.238,minimal
kwahl,triangulierung n=64 s=13402,thm1,-1,64,186,25,64,186,25,0,0,0,409599,409600,46,67,67,4598,1228800,24985748,117964800,63,1,143.553,modellprobe
kwahl,triangulierung n=64 s=13402,thm1,-1,64,186,25,64,186,25,0,0,0,78,409600,46,67,67,4950,1228800,5919,117964800,63,1,143.017,quadratisch
kwahl,random n=64 m=128 s=13402,thm1,-1,64,128,20,64,153,20,1,0,0,327680,327680,34,52,91,3349,983040,17694917,94371840,56,1,131.447,papier
kwahl,random n=64 m=128 s=13402,thm1,-1,64,128,20,64,153,20,1,0,0,18,327680,34,52,91,3842,983040,1486,94371840,56,1,131.743,minimal
kwahl,random n=64 m=128 s=13402,thm1,-1,64,128,20,64,153,20,1,0,0,327679,327680,34,52,91,3349,983040,17694863,94371840,56,1,131.124,modellprobe
kwahl,random n=64 m=128 s=13402,thm1,-1,64,128,20,64,153,20,1,0,0,62,327680,34,52,91,3434,983040,3736,94371840,56,1,131.285,quadratisch
kwahl,triangulierung n=64 s=13403,thm1,-1,64,186,24,64,186,24,0,0,0,393216,393216,50,64,64,4473,1179648,23986389,113246208,63,1,145.855,papier
kwahl,triangulierung n=64 s=13403,thm1,-1,64,186,24,64,186,24,0,0,0,22,393216,50,64,64,5061,1179648,2595,113246208,63,1,146.341,minimal
kwahl,triangulierung n=64 s=13403,thm1,-1,64,186,24,64,186,24,0,0,0,393215,393216,50,64,64,4473,1179648,23986328,113246208,63,1,145.946,modellprobe
kwahl,triangulierung n=64 s=13403,thm1,-1,64,186,24,64,186,24,0,0,0,62,393216,50,64,64,4641,1179648,4933,113246208,63,1,145.981,quadratisch
kwahl,random n=64 m=128 s=13403,thm1,-1,64,128,16,64,157,16,1,0,0,262144,262144,23,40,73,4966,786432,14680064,75497472,58,1,134.953,papier
kwahl,random n=64 m=128 s=13403,thm1,-1,64,128,16,64,157,16,1,0,0,14,262144,23,40,73,6201,786432,1176,75497472,58,1,135.237,minimal
kwahl,random n=64 m=128 s=13403,thm1,-1,64,128,16,64,157,16,1,0,0,262143,262144,23,40,73,4966,786432,14680008,75497472,58,1,135.338,modellprobe
kwahl,random n=64 m=128 s=13403,thm1,-1,64,128,16,64,157,16,1,0,0,104,262144,23,40,73,5031,786432,6032,75497472,58,1,135.448,quadratisch
kwahl,triangulierung n=64 s=13404,thm1,-1,64,186,27,64,186,27,0,0,0,442368,442368,43,73,73,11256,1327104,26984917,127401984,63,1,145.189,papier
kwahl,triangulierung n=64 s=13404,thm1,-1,64,186,27,64,186,27,0,0,0,25,442368,43,73,73,15264,1327104,4111,127401984,63,1,144.836,minimal
kwahl,triangulierung n=64 s=13404,thm1,-1,64,186,27,64,186,27,0,0,0,442367,442368,43,73,73,11256,1327104,26984856,127401984,63,1,144.861,modellprobe
kwahl,triangulierung n=64 s=13404,thm1,-1,64,186,27,64,186,27,0,0,0,208,442368,43,73,73,11592,1327104,14835,127401984,63,1,144.933,quadratisch
kwahl,random n=64 m=128 s=13404,thm1,-1,64,128,15,64,157,15,1,0,0,245760,245760,29,37,69,4080,737280,14254420,70778880,60,1,139.021,papier
kwahl,random n=64 m=128 s=13404,thm1,-1,64,128,15,64,157,15,1,0,0,13,245760,29,37,69,4824,737280,1533,70778880,60,1,139.320,minimal
kwahl,random n=64 m=128 s=13404,thm1,-1,64,128,15,64,157,15,1,0,0,245759,245760,29,37,69,4080,737280,14254362,70778880,60,1,139.054,modellprobe
kwahl,random n=64 m=128 s=13404,thm1,-1,64,128,15,64,157,15,1,0,0,70,245760,29,37,69,4164,737280,4687,70778880,60,1,139.453,quadratisch
kwahl,gitter 3x3,thm1,-1,9,12,4,9,14,5,1,0,0,1620,1620,6,7,19,26,4860,6493,65610,6,1,0.562,papier
kwahl,gitter 3x3,thm1,-1,9,12,4,9,14,5,1,0,0,3,1620,6,7,19,26,4860,25,65610,6,1,0.513,minimal
kwahl,gitter 3x3,thm1,-1,9,12,4,9,14,5,1,0,0,1619,1620,6,7,19,26,4860,6489,65610,6,1,0.490,modellprobe
kwahl,gitter 3x3,thm1,-1,9,12,4,9,14,5,1,0,0,3,1620,6,7,19,26,4860,25,65610,6,1,0.485,quadratisch
kwahl,gitter 4x4,thm1,-1,16,24,4,16,26,5,1,0,0,5120,5120,6,7,19,60,15360,46110,368640,11,1,2.053,papier
kwahl,gitter 4x4,thm1,-1,16,24,4,16,26,5,1,0,0,3,5120,6,7,19,60,15360,57,368640,11,1,2.039,minimal
kwahl,gitter 4x4,thm1,-1,16,24,4,16,26,5,1,0,0,5119,5120,6,7,19,60,15360,46101,368640,11,1,2.252,modellprobe
kwahl,gitter 4x4,thm1,-1,16,24,4,16,26,5,1,0,0,3,5120,6,7,19,60,15360,57,368640,11,1,2.056,quadratisch
kwahl,gitter 5x5,thm1,-1,25,40,4,25,43,5,1,0,0,12500,12500,6,7,19,122,37500,212561,1406250,19,1,7.709,papier
kwahl,gitter 5x5,thm1,-1,25,40,4,25,43,5,1,0,0,3,12500,6,7,19,122,37500,112,1406250,19,1,7.899,minimal
kwahl,gitter 5x5,thm1,-1,25,40,4,25,43,5,1,0,0,12499,12500,6,7,19,122,37500,212544,1406250,19,1,7.819,modellprobe
kwahl,gitter 5x5,thm1,-1,25,40,4,25,43,5,1,0,0,4,12500,6,7,19,122,37500,129,1406250,19,1,7.691,quadratisch
kwahl,gitter 6x6,thm1,-1,36,60,4,36,62,5,1,0,0,25920,25920,6,7,19,226,77760,648113,4199040,27,1,20.120,papier
kwahl,gitter 6x6,thm1,-1,36,60,4,36,62,5,1,0,0,3,25920,6,7,19,226,77760,188,4199040,27,1,19.829,minimal
kwahl,gitter 6x6,thm1,-1,36,60,4,36,62,5,1,0,0,25919,25920,6,7,19,226,77760,648088,4199040,27,1,20.117,modellprobe
kwahl,gitter 6x6,thm1,-1,36,60,4,36,62,5,1,0,0,5,25920,6,7,19,226,77760,238,4199040,27,1,19.894,quadratisch
kwahl,gitter 7x7,thm1,-1,49,84,4,49,87,5,1,0,0,48020,48020,6,7,19,392,144060,1776936,10588410,39,1,51.574,papier
kwahl,gitter 7x7,thm1,-1,49,84,4,49,87,5,1,0,0,3,48020,6,7,19,392,144060,307,10588410,39,1,51.590,minimal
kwahl,gitter 7x7,thm1,-1,49,84,4,49,87,5,1,0,0,48019,48020,6,7,19,392,144060,1776899,10588410,39,1,51.594,modellprobe
kwahl,gitter 7x7,thm1,-1,49,84,4,49,87,5,1,0,0,5,48020,6,7,19,392,144060,381,10588410,39,1,51.935,quadratisch
kwahl,gitter 8x8,thm1,-1,64,112,4,64,114,5,1,0,0,81920,81920,6,7,19,628,245760,4014394,23592960,51,1,107.239,papier
kwahl,gitter 8x8,thm1,-1,64,112,4,64,114,5,1,0,0,3,81920,6,7,19,628,245760,461,23592960,51,1,107.315,minimal
kwahl,gitter 8x8,thm1,-1,64,112,4,64,114,5,1,0,0,81919,81920,6,7,19,628,245760,4014345,23592960,51,1,107.478,modellprobe
kwahl,gitter 8x8,thm1,-1,64,112,4,64,114,5,1,0,0,6,81920,6,7,19,628,245760,608,23592960,51,1,107.631,quadratisch
kwahl,gitter 9x9,thm1,-1,81,144,4,81,147,5,1,0,0,131220,131220,6,7,19,956,393660,8529778,47829690,67,1,221.523,papier
kwahl,gitter 9x9,thm1,-1,81,144,4,81,147,5,1,0,0,3,131220,6,7,19,956,393660,673,47829690,67,1,221.379,minimal
kwahl,gitter 9x9,thm1,-1,81,144,4,81,147,5,1,0,0,131219,131220,6,7,19,956,393660,8529713,47829690,67,1,221.472,modellprobe
kwahl,gitter 9x9,thm1,-1,81,144,4,81,147,5,1,0,0,7,131220,6,7,19,956,393660,933,47829690,67,1,221.139,quadratisch
kwahl,gitter 10x10,thm1,-1,100,180,4,100,182,5,1,0,0,200000,200000,6,7,19,1380,600000,16200690,90000000,83,1,399.375,papier
kwahl,gitter 10x10,thm1,-1,100,180,4,100,182,5,1,0,0,3,200000,6,7,19,1380,600000,933,90000000,83,1,398.600,minimal
kwahl,gitter 10x10,thm1,-1,100,180,4,100,182,5,1,0,0,199999,200000,6,7,19,1380,600000,16200609,90000000,83,1,399.097,modellprobe
kwahl,gitter 10x10,thm1,-1,100,180,4,100,182,5,1,0,0,9,200000,6,7,19,1380,600000,1419,90000000,83,1,398.736,quadratisch
kwahl,stern k=4,thm1,-1,5,4,4,5,8,5,1,0,0,500,500,3,7,19,12,2160,1000,19440,4,1,0.266,papier
kwahl,stern k=4,thm1,-1,5,4,4,5,8,5,1,0,0,3,500,3,7,19,12,2160,6,19440,4,1,0.224,minimal
kwahl,stern k=4,thm1,-1,5,4,4,5,8,5,1,0,0,499,500,3,7,19,12,2160,998,19440,4,1,0.217,modellprobe
kwahl,stern k=4,thm1,-1,5,4,4,5,8,5,1,0,0,6,500,3,7,19,12,2160,12,19440,4,1,0.214,quadratisch
kwahl,stern k=8,thm1,-1,9,8,8,9,16,8,1,0,0,2592,2592,7,16,37,70,7776,15552,104976,8,1,0.918,papier
kwahl,stern k=8,thm1,-1,9,8,8,9,16,8,1,0,0,6,2592,7,16,37,70,7776,36,104976,8,1,0.904,minimal
kwahl,stern k=8,thm1,-1,9,8,8,9,16,8,1,0,0,2591,2592,7,16,37,70,7776,15546,104976,8,1,0.888,modellprobe
kwahl,stern k=8,thm1,-1,9,8,8,9,16,8,1,0,0,12,2592,7,16,37,70,7776,72,104976,8,1,0.906,quadratisch
kwahl,stern k=12,thm1,-1,13,12,12,13,24,12,1,0,0,8112,8112,11,28,55,198,24336,81120,474552,12,1,2.280,papier
kwahl,stern k=12,thm1,-1,13,12,12,13,24,12,1,0,0,10,8112,11,28,55,198,24336,100,474552,12,1,2.559,minimal
kwahl,stern k=12,thm1,-1,13,12,12,13,24,12,1,0,0,8111,8112,11,28,55,198,24336,81110,474552,12,1,2.243,modellprobe
kwahl,stern k=12,thm1,-1,13,12,12,13,24,12,1,0,0,20,8112,11,28,55,198,24336,200,474552,12,1,2.209,quadratisch
kwahl,stern k=16,thm1,-1,17,16,16,17,32,16,1,0,0,18496,18496,15,40,73,390,55488,258944,1414944,16,1,4.412,papier
kwahl,stern k=16,thm1,-1,17,16,16,17,32,16,1,0,0,14,18496,15,40,73,390,55488,196,1414944,16,1,4.619,minimal
kwahl,stern k=16,thm1,-1,17,16,16,17,32,16,1,0,0,18495,18496,15,40,73,390,55488,258930,1414944,16,1,4.414,modellprobe
kwahl,stern k=16,thm1,-1,17,16,16,17,32,16,1,0,0,28,18496,15,40,73,390,55488,392,1414944,16,1,4.409,quadratisch
kwahl,stern k=20,thm1,-1,21,20,20,21,40,20,1,0,0,35280,35280,19,52,91,646,105840,635040,3333960,20,1,7.832,papier
kwahl,stern k=20,thm1,-1,21,20,20,21,40,20,1,0,0,18,35280,19,52,91,646,105840,324,3333960,20,1,7.665,minimal
kwahl,stern k=20,thm1,-1,21,20,20,21,40,20,1,0,0,35279,35280,19,52,91,646,105840,635022,3333960,20,1,7.843,modellprobe
kwahl,stern k=20,thm1,-1,21,20,20,21,40,20,1,0,0,36,35280,19,52,91,646,105840,648,3333960,20,1,7.814,quadratisch
kwahl,stern k=24,thm1,-1,25,24,24,25,48,24,1,0,0,60000,60000,23,64,109,966,180000,1320000,6750000,24,1,12.295,papier
kwahl,stern k=24,thm1,-1,25,24,24,25,48,24,1,0,0,22,60000,23,64,109,966,180000,484,6750000,24,1,12.106,minimal
kwahl,stern k=24,thm1,-1,25,24,24,25,48,24,1,0,0,59999,60000,23,64,109,966,180000,1319978,6750000,24,1,12.282,modellprobe
kwahl,stern k=24,thm1,-1,25,24,24,25,48,24,1,0,0,44,60000,23,64,109,966,180000,968,6750000,24,1,12.312,quadratisch
